-- phpMyAdmin SQL Dump
-- version 3.5.8.2
-- http://www.phpmyadmin.net
--
-- Servidor: localhost
-- Tiempo de generación: 03-03-2014 a las 16:07:52
-- Versión del servidor: 5.1.47
-- Versión de PHP: 5.3.3

SET SQL_MODE="NO_AUTO_VALUE_ON_ZERO";
SET time_zone = "+00:00";

--
-- Base de datos: `movitecnica`
--

-- --------------------------------------------------------

--
-- Estructura de tabla para la tabla `category`
--

CREATE TABLE IF NOT EXISTS `category` (
  `id` int(11) NOT NULL AUTO_INCREMENT,
  `name` varchar(255) NOT NULL,
  `parent_id` int(11) NOT NULL,
  `created` datetime NOT NULL,
  `updated` timestamp NOT NULL DEFAULT CURRENT_TIMESTAMP ON UPDATE CURRENT_TIMESTAMP,
  `status` char(1) NOT NULL,
  PRIMARY KEY (`id`)
) ENGINE=MyISAM  DEFAULT CHARSET=utf8 AUTO_INCREMENT=29 ;

--
-- Volcado de datos para la tabla `category`
--

INSERT INTO `category` (`id`, `name`, `parent_id`, `created`, `updated`, `status`) VALUES
(1, 'inicio', 0, '2013-07-09 09:14:23', '2013-07-09 17:13:31', '1'),
(2, 'Conòcenos', 1, '2013-07-09 09:14:23', '2013-07-09 14:14:42', '1'),
(3, 'Mensaje del Gerente', 2, '2013-07-09 09:14:23', '2013-07-09 14:14:42', '1'),
(4, 'Misiòn y Vision', 2, '2013-07-09 09:14:23', '2013-07-09 14:14:42', '1'),
(5, 'Valores', 2, '2013-07-09 09:14:23', '2013-07-09 14:14:42', '1'),
(6, 'Equipo de Trabjado', 2, '2013-07-09 09:14:23', '2013-07-09 14:14:42', '1'),
(7, 'trabajador', 6, '2013-07-09 09:14:23', '2013-07-09 14:14:42', '1'),
(8, 'Que Hacemos', 1, '2013-07-09 09:14:23', '2013-07-09 14:14:42', '1'),
(9, 'Unidad de Grúas y Proyectos', 8, '2013-07-09 09:14:23', '2013-07-09 14:14:42', '1'),
(10, 'Últimos Proyectos', 9, '2013-07-09 09:14:23', '2013-07-09 14:14:42', '1'),
(11, 'Proyecto', 10, '2013-07-09 09:14:23', '2013-07-09 14:14:42', '1'),
(12, 'Unidad de Fajas Transportadoras', 1, '2013-07-09 09:14:23', '2013-07-09 14:14:42', '1'),
(13, 'Servicio de Empalme de Fajas', 12, '2013-07-09 09:14:23', '2013-07-09 14:14:42', '1'),
(14, 'Unidad de Servicio Técnico', 8, '2013-07-09 09:14:23', '2013-07-09 14:14:42', '1'),
(15, 'Últimos Servicios', 14, '2013-07-09 09:14:23', '2013-07-09 14:14:42', '1'),
(16, 'Servicio', 15, '2013-07-09 09:14:23', '2013-07-09 14:14:42', '1'),
(17, 'Unidad Comercial', 8, '2013-07-09 09:14:23', '2013-07-09 14:14:42', '1'),
(18, 'SIG', 1, '2013-07-09 09:14:23', '2013-07-09 14:14:42', '1'),
(19, 'Polìtica', 18, '2013-07-09 09:14:23', '2013-07-09 14:14:42', '1'),
(20, 'Garantia', 18, '2013-07-09 09:14:23', '2013-07-09 14:14:42', '1'),
(21, 'Reclamos', 18, '2013-07-09 09:14:23', '2013-07-09 14:14:42', '1'),
(22, 'Trabaje con Nosotros', 1, '2013-07-09 09:14:23', '2013-07-09 14:14:42', '1'),
(23, 'Porqué Movitécnica', 22, '2013-07-09 09:14:23', '2013-07-09 14:14:42', '1'),
(24, 'Testimonios', 22, '2013-07-09 09:14:23', '2013-07-09 14:14:42', '1'),
(25, 'testimonio', 24, '2013-07-09 09:14:23', '2013-07-09 14:14:42', '1'),
(26, 'Ofertas De Trabajo', 22, '2013-07-09 09:14:23', '2013-07-09 14:14:42', '1'),
(27, 'media', 1, '2013-07-09 09:14:23', '2013-07-09 14:14:42', '1'),
(28, 'Noticia', 27, '2013-07-09 09:14:23', '2013-07-09 14:14:42', '1');

-- --------------------------------------------------------

--
-- Estructura de tabla para la tabla `configuration`
--

CREATE TABLE IF NOT EXISTS `configuration` (
  `name` varchar(255) NOT NULL,
  `username` varchar(255) NOT NULL,
  `password` varchar(255) NOT NULL,
  `email` varchar(255) NOT NULL,
  `logo` varchar(255) NOT NULL,
  `favicon` varchar(255) NOT NULL,
  `contact_email` varchar(255) NOT NULL,
  `address1` varchar(255) NOT NULL,
  `address2` varchar(255) NOT NULL,
  `phone1` varchar(255) NOT NULL,
  `phone2` varchar(255) NOT NULL,
  `fax` varchar(255) NOT NULL,
  `title` varchar(255) NOT NULL,
  `description` varchar(255) NOT NULL,
  `keywords` varchar(255) NOT NULL,
  `google` varchar(255) NOT NULL,
  `facebook` varchar(255) NOT NULL,
  `twitter` varchar(255) NOT NULL,
  `linkedin` varchar(255) NOT NULL,
  `skype` varchar(255) NOT NULL,
  `youtube` varchar(255) NOT NULL
) ENGINE=MyISAM DEFAULT CHARSET=utf8;

--
-- Volcado de datos para la tabla `configuration`
--

INSERT INTO `configuration` (`name`, `username`, `password`, `email`, `logo`, `favicon`, `contact_email`, `address1`, `address2`, `phone1`, `phone2`, `fax`, `title`, `description`, `keywords`, `google`, `facebook`, `twitter`, `linkedin`, `skype`, `youtube`) VALUES
('andres', 'admin', '12345', 'andresgarciadev@gmail.com', '', '', '', '', '', '', '', '', '', '', '', '', '', '', '', '', '');

-- --------------------------------------------------------

--
-- Estructura de tabla para la tabla `contact`
--

CREATE TABLE IF NOT EXISTS `contact` (
  `id` int(11) NOT NULL AUTO_INCREMENT,
  `category_id` int(11) NOT NULL,
  `name` varchar(255) NOT NULL,
  `email` varchar(255) NOT NULL,
  `address1` varchar(255) NOT NULL,
  `address2` varchar(255) NOT NULL,
  `phone1` varchar(255) NOT NULL,
  `phone2` varchar(255) NOT NULL,
  `created` datetime NOT NULL,
  `updated` timestamp NOT NULL DEFAULT CURRENT_TIMESTAMP ON UPDATE CURRENT_TIMESTAMP,
  `status` char(1) NOT NULL,
  PRIMARY KEY (`id`)
) ENGINE=MyISAM DEFAULT CHARSET=utf8 AUTO_INCREMENT=1 ;

-- --------------------------------------------------------

--
-- Estructura de tabla para la tabla `content`
--

CREATE TABLE IF NOT EXISTS `content` (
  `id` int(11) NOT NULL AUTO_INCREMENT,
  `category_id` int(11) NOT NULL,
  `name` varchar(255) NOT NULL,
  `thumbnail` varchar(255) NOT NULL,
  `image` varchar(255) NOT NULL,
  `description` text NOT NULL,
  `content` text NOT NULL,
  `overlap` varchar(255) NOT NULL,
  `created` datetime NOT NULL,
  `updated` timestamp NOT NULL DEFAULT CURRENT_TIMESTAMP ON UPDATE CURRENT_TIMESTAMP,
  `status` char(1) NOT NULL,
  PRIMARY KEY (`id`)
) ENGINE=MyISAM  DEFAULT CHARSET=utf8 AUTO_INCREMENT=32 ;

--
-- Volcado de datos para la tabla `content`
--

INSERT INTO `content` (`id`, `category_id`, `name`, `thumbnail`, `image`, `description`, `content`, `overlap`, `created`, `updated`, `status`) VALUES
(1, 1, 'Inicio', '', '_1.jpg', 'PageMaker, el cual incluye versiones de Lorem Ipsum', '', '', '0000-00-00 00:00:00', '2013-08-15 19:53:24', '1'),
(2, 1, 'Conócenos', '', '91084c_conocenos.png', '<p><span>Somos una empresa peruana con m&aacute;s de 30 a&ntilde;os en el mercado...</span></p>', '<address>Somos una empresa peruana con m&aacute;s de 30 a&ntilde;os en el mercado, l&iacute;deres en el negocio de izaje en el Per&uacute;, contamos con profesionales altamente calificados para ofrecer la mejor calidad, atenci&oacute;n y apoyo en todos los servicios. Proveemos la ingenier&iacute;a, los equipos, el servicio t&eacute;cnico, el montaje y la puesta en marcha del proyecto. Nuestra experiencia y solidez han contribuido a que contemos con una cobertura a nivel nacional, haciendo as&iacute; que marcas de prestigio a nivel mundial, tales como Yale Hoist, Street, Dunlop, ASGCO, Conductix, K&uuml;hnezug, Vetter y Cimbria, nos conf&iacute;en la distribuci&oacute;n exclusiva de sus productos.<br /><br /></address>\r\n<div class="listita">\r\n<div style="margin-bottom: 5px;"><strong>Categor&iacute;as:</strong></div>\r\n<ul style="margin-bottom: 10px;">\r\n<li>Izaje&nbsp;</li>\r\n<li>Accesorios de izaje.</li>\r\n<li>Fajas transportadoras.</li>\r\n<li>Accesorios de fajas.</li>\r\n<li>Sistemas de electrificaci&oacute;n.</li>\r\n<li>Gr&uacute;as.</li>\r\n<li>Puentes Gr&uacute;a.</li>\r\n<li>Chutes antipoluci&oacute;n.</li>\r\n</ul>\r\n</div>\r\n<address><br /> Nuestro servicio t&eacute;cnico certificado por nuestros proveedores, garantiza el mejor servicio post venta del mercado.</address><address>&nbsp;</address><address><strong>Marcas Representadas</strong></address><address><strong><br /></strong></address><address><span style="font-size: 13px;">Yale Hoist</span><span style="font-size: 13px;"><br /></span><span style="font-size: 13px;">Street</span><span style="font-size: 13px;"><br /></span><span style="font-size: 13px;">Vetter</span><span style="font-size: 13px;"><br /></span><span style="font-size: 13px;">EMH</span><span style="font-size: 13px;"><br /></span><span style="font-size: 13px;">K&Uuml;HNEZUG</span><span style="font-size: 13px;"><br /></span><span style="font-size: 13px;">Linden Comansa</span><span style="font-size: 13px;"><br /></span><span style="font-size: 13px;">Chester Hoist.</span><span style="font-size: 13px;"><br /></span><span style="font-size: 13px;">Conductix</span><span style="font-size: 13px;"><br /></span><span style="font-size: 13px;">Dunlop</span><span style="font-size: 13px;"><br /></span><span style="font-size: 13px;">ASGCO</span></address><address>&nbsp;</address>\r\n<div>\r\n<p><strong>Productos y Servicios:</strong></p>\r\n<p>- Fabricaci&oacute;n y Montaje de Puentes Gr&uacute;a, Gr&uacute;as P&oacute;rtico, Pescantes. (YALE, STREET, KUGHNEZUG, VETTER).</p>\r\n<p>- Equipos de Izaje (Polipastos Manuales y El&eacute;ctricos, Trolleys Manuales y El&eacute;ctricos, Accesorios de Izaje como eslingas, ganchos, estrobos, Sistemas de Hidr&aacute;ulicos, Componentes para Gr&uacute;as).</p>\r\n<br /><br /><br /><br /><br /></div>\r\n<p>&nbsp;</p>\r\n<!--                        <h3><b>Historia</b></h3>\r\n                                                    <div id="mobanner-container">\r\n                                                        <div id="mobanner_arrow_left"></div>\r\n                                                        <div id="mobanner-content">\r\n                                                            <img id="mobanner" src="../userfiles/linea-de-tiempo.png"/>\r\n                                                        </div>\r\n                                                        <div id="mobanner_arrow_right"></div>\r\n                                                    </div>\r\n                                                    <div id="div_linea_tiempo">\r\n                                                        \r\n                                                    </div>-->\r\n<p>&nbsp;</p>', '', '0000-00-00 00:00:00', '2014-02-20 13:41:30', '1'),
(3, 2, 'Mensaje del Gerente', '', '9b3f0b_gerente.png', '<p>&ldquo;En Construcci&oacute;n&rdquo;</p>', '<p>On behalf of Allnorth, I would like to thank you for visiting our website.</p>\r\n<p>The story of Allnorth is told through our clients, our employees and the communities in which we work. Our history can be traced back to one modest yet inspired engineering office located in Prince George, British Columbia, where Allnorth first laid down its technical service roots. Since those early days, Allnorth has stayed true to what we have always believed in &ndash; that our clients and employees deserve our best &ndash; and this is still the foundation for our dynamic domestic and global operations today.</p>\r\n<p>We believe our success is largely due to our unwavering commitment to provide our clients and employees with their own unique opportunities to thrive. We do this by ensuring that our clients&rsquo; expectations and needs are our priorities and we provide our employees with continual opportunities for development.</p>\r\n<p>Our roots are important to us. As we evolve and grow, we understand that maintaining the integrity of our past through a commitment to quality service, employee appreciation and delivering innovative, practical solutions to our clients is the key to our success.</p>\r\n<p>We are confident about the future of Allnorth as we look toward new opportunities and continued growth in our many fields of service in Canada and globally. I encourage you to contact us to learn more about the services we offer and our&nbsp;challenging career opportunities. On behalf of Allnorth, thank you for taking the time to learn more about us.</p>\r\n<p>Darby Kreitz, P. Eng, Chief Executive Officer</p>\r\n<p>&nbsp;</p>\r\n<address>2011- Ernst &amp; Young Entrepreneur of the Year, Pacific Region, Special Citation for Growth Through Service Excellence</address><address>&nbsp;</address><address>&nbsp;</address>', '', '0000-00-00 00:00:00', '2014-02-20 13:24:33', '1'),
(4, 2, 'Misión y Visión', '', '_mision_y_vision.png', '<p>&ldquo;En Construcci&oacute;n&rdquo;</p>', '<h3><strong>Misi&oacute;n</strong></h3>\r\n<p><span><span>Ayudar a nuestros clientes a mover, levantar, posicionar y asegurar todo tipo de material de una manera f&aacute;cil y segura.<br /><br /></span></span></p>\r\n<h3><strong>Visi&oacute;n</strong></h3>\r\n<p><span>Ser l&iacute;deres de la regi&oacute;n sudamericana, como empresa que brinda soluciones integrales de ingenier&iacute;a a todos los sectores productivos.</span></p>\r\n<p>&nbsp;</p>\r\n<p>&nbsp;</p>\r\n<p>&nbsp;</p>\r\n<p>&nbsp;</p>\r\n<p><span><br /> </span></p>', '', '0000-00-00 00:00:00', '2013-09-30 11:27:53', '1'),
(5, 2, 'Valores', '', '6a125f_valores.png', '<p>&ldquo;En Construcci&oacute;n&rdquo;</p>', '<h3><strong style="font-family: ubuntu, sans-serif; font-size: 20px;">Juego Limpio</strong></h3>\r\n<p>Es el comportamiento leal, honesto y fraterno hacia la competencia, los clientes, nuestros colaboradores, el Estado y la sociedad; siendo respetuosos de las reglas de juego y el correcto manejo de los clientes.</p>\r\n<p>&nbsp;</p>\r\n<h3><strong>Trabajamos y Ganamos en Equipo</strong></h3>\r\n<p>Surge de desarrollar y compartir nuestros conocimientos dentro de la organizaci&oacute;n. Fomentamos la integraci&oacute;n donde los objetivos de la empresa son sentidos como propios por todos los colaboradores.</p>\r\n<p>&nbsp;</p>\r\n<h3><strong>Pasi&oacute;n por lo Que Hacemos</strong></h3>\r\n<p>Es nuestro entusiasmo y la satisfacci&oacute;n por la tarea que se realiza que nos impulsa a desarrollar nuestro m&aacute;ximo potencial.</p>\r\n<p>&nbsp;</p>\r\n<h3><strong>Formaci&oacute;n de Talentos</strong></h3>\r\n<p>Es nuestro inter&eacute;s genuino por fomentar la formaci&oacute;n y el desarrollo de los miembros del equipo Movit&eacute;cnica a partir del an&aacute;lisis de sus necesidades y de la exposici&oacute;n a situaciones que faciliten su crecimiento.</p>\r\n<p>&nbsp;</p>\r\n<p>&nbsp;</p>\r\n<p>&nbsp;</p>\r\n<p><span><br /> </span></p>', '', '0000-00-00 00:00:00', '2013-10-21 15:39:22', '1'),
(7, 1, 'Qué Hacemos', '', '_que_hacemos.png', '<p>PageMaker, el cual incluye versiones de Lorem Ipsum</p>', '<p><br /> </p>', '', '0000-00-00 00:00:00', '2013-09-19 15:16:32', '1'),
(25, 1, 'Productos', '', '8c686e_unidad-de-Proyectos.jpg', '', '<p>a</p>', '', '0000-00-00 00:00:00', '2013-10-07 15:55:33', '1'),
(26, 25, 'Categoría', '', '', '', '<p>a</p>', '', '0000-00-00 00:00:00', '2013-10-10 20:00:22', '1'),
(27, 25, 'Marca', '', '530916_sombra_marca.png', '<p>aaaaaaaaaaaaaaaa ddddddddddddddd eeeeeeeeeeee rrrrrrrrr</p>', '<p>aaaaaaaaaaaa aaaaaaaaaaaaaawwwwwwwwwww &nbsp;tttttttttttttt</p>', '', '0000-00-00 00:00:00', '2014-02-20 12:58:34', '1'),
(28, 1, 'Media', '', '', '', '<span>Encontrará una lista actualizada de los comunicados y anuncios por debajo de noticias de Movitécnica</span><br /><br />', '', '0000-00-00 00:00:00', '2013-08-15 22:30:29', '1'),
(29, 28, 'Noticias', '', '', '', '', '', '0000-00-00 00:00:00', '2013-08-15 22:30:29', '1'),
(30, 28, 'Identidad de Marca', '', '', '', '', '', '0000-00-00 00:00:00', '2013-10-11 08:37:15', '1'),
(31, 1, 'Contáctenos', '', '', '', '<address><strong>Envianos un mail a:</strong></address><address><strong></strong><br />ventas@movitecnica.com.pe</address><address>&nbsp;</address>\r\n<h4>Oficina&nbsp;</h4>\r\n<address style="width: 40%; margin-right: 9%; display: inline-block; vertical-align: top; margin-bottom: 5%;">Av. Camino Real 456 Of. 1601 San Isidro.<br /><br /> T: (511) 326 0220 / 221 4800<br /><br /></address>\r\n<h4>&nbsp;</h4>', '', '0000-00-00 00:00:00', '2013-09-30 12:10:51', '1'),
(8, 7, 'Unidad de Proyectos', '_uni1.jpg', '796fa2_unidad-de-Proyectos.jpg', '<p><span style="font-size: 13px;">&ldquo;En Construcci&oacute;n&rdquo;</span></p>', '<ul>\r\n<li>\r\n<pre><strong>Listado de Equipos de Izaje / Levante y Movimiento de Materiales</strong></pre>\r\n<pre><strong><br /></strong></pre>\r\n<pre><strong style="font-size: 13px;">Equipos de Levante Industriales</strong></pre>\r\n<pre><strong style="font-size: 13px;"><br /></strong></pre>\r\n<pre><span style="font-size: 13px;">Gr&uacute;as Puente Industriales</span></pre>\r\n<pre><span style="font-size: 13px;">Gr&uacute;as Pescante (Jib Cranes) Manuales</span></pre>\r\n<ul>\r\n<li>\r\n<pre>Gr&uacute;as Pescante (Jib Cranes) Motorizadas</pre>\r\n</li>\r\n<li>\r\n<pre>Estaciones de Trabajo</pre>\r\n</li>\r\n<li>\r\n<pre>Equipos a Prueba de Explosi&oacute;n (Ex)</pre>\r\n</li>\r\n<li>\r\n<pre>Tecles&nbsp; a cadena, cable y cinta</pre>\r\n</li>\r\n<li>\r\n<pre>Winches El&eacute;ctricos</pre>\r\n</li>\r\n<li>\r\n<pre>Carros tractores (tractor drive)</pre>\r\n</li>\r\n<li>\r\n<pre>Polipastos a cable (Wire Rope)</pre>\r\n</li>\r\n<li>\r\n<pre>Polipastos de doble gancho (twin hook)</pre>\r\n</li>\r\n</ul>\r\n&nbsp;\r\n<pre><strong>Equipos de Levante de Proceso / Producci&oacute;n</strong></pre>\r\n<pre><strong>&nbsp;</strong></pre>\r\n<ul>\r\n<li>\r\n<pre>Gr&uacute;as P&oacute;rtico y Semi-P&oacute;rtico</pre>\r\n</li>\r\n<li>\r\n<pre>Carros con sistema de rotaci&oacute;n</pre>\r\n</li>\r\n<li>\r\n<pre>Gr&uacute;as de Pedestal</pre>\r\n</li>\r\n<li>\r\n<pre>Gr&uacute;as Puente de Proceso y Producci&oacute;n</pre>\r\n</li>\r\n<li>\r\n<pre>(Refiner&iacute;as SX-EW, Fundiciones, Acer&iacute;as,</pre>\r\n</li>\r\n<li>\r\n<pre>Cemento, Plantas de Generaci&oacute;n, Movimiento Metal Caliente, Celulosa y Papel</pre>\r\n</li>\r\n</ul>\r\n<pre><strong>&nbsp;</strong></pre>\r\n<pre><strong>Componentes para Equipos de Izaje</strong></pre>\r\n<pre><strong>&nbsp;</strong></pre>\r\n<ul>\r\n<li>\r\n<pre>Carros Completos y Polipastos</pre>\r\n</li>\r\n<li>\r\n<pre>Testeras y Boggies</pre>\r\n</li>\r\n<li>\r\n<pre>Reductores, Motores y Frenos</pre>\r\n</li>\r\n<li>\r\n<pre>Cabinas de Operaci&oacute;n</pre>\r\n</li>\r\n<li>\r\n<pre>Sistemas de Aire Acondicionado para Cabinas</pre>\r\n</li>\r\n<li>\r\n<pre>Sistemas de Electrificaci&oacute;n</pre>\r\n</li>\r\n<li>\r\n<pre>Radio Control</pre>\r\n</li>\r\n<li>\r\n<pre>Modernizaci&oacute;n de Componentes Mec&aacute;nicos</pre>\r\n</li>\r\n<li>\r\n<pre>y El&eacute;ctricos</pre>\r\n</li>\r\n<li>\r\n<pre>Variadores de Frecuencia</pre>\r\n</li>\r\n<li>\r\n<pre>Botoneras de Operaci&oacute;n</pre>\r\n</li>\r\n<li>\r\n<pre>Sistemas Anticolisi&oacute;n</pre>\r\n</li>\r\n</ul>\r\n&nbsp;\r\n<pre><strong>Sistemas de Electrificaci&oacute;n </strong></pre>\r\n<pre><strong>&nbsp;</strong></pre>\r\n<ul>\r\n<li>\r\n<pre>Carretes Retr&aacute;ctiles a Resorte</pre>\r\n</li>\r\n<li>\r\n<pre>Carretes Retr&aacute;ctiles Motorizados</pre>\r\n</li>\r\n<li>\r\n<pre>Carretes Motorizados</pre>\r\n</li>\r\n<li>\r\n<pre>Cables Planos y Redondos (PVC o Neopreno)</pre>\r\n</li>\r\n<li>\r\n<pre>Barras Conductoras de Electrificaci&oacute;n</pre>\r\n</li>\r\n<li>\r\n<pre>(10 a 6.000 amperes)</pre>\r\n</li>\r\n</ul>\r\n&nbsp;&nbsp;&nbsp;\r\n<pre><strong>Mecanismos y Accesorios</strong></pre>\r\n<pre><strong>&nbsp;</strong></pre>\r\n<ul>\r\n<li>\r\n<pre>Ganchos Autom&aacute;ticos ELEBIA</pre>\r\n</li>\r\n<li>\r\n<pre>Magnetos y Electroimanes</pre>\r\n</li>\r\n<li>\r\n<pre>Cucharas Almeja</pre>\r\n</li>\r\n<li>\r\n<pre>Ganchos y Garras</pre>\r\n</li>\r\n<li>\r\n<pre>Vigas alargables y Spreader</pre>\r\n</li>\r\n<li>\r\n<pre>Ganchos tipo C</pre>\r\n</li>\r\n<li>\r\n<pre>Balanceadores y Manipuladores</pre>\r\n</li>\r\n</ul>\r\n&nbsp;\r\n<pre><strong>Rieles y Accesorios</strong></pre>\r\n<ul>\r\n<li>\r\n<pre>Rieles de Rodadura para Gr&uacute;as (ASCE, DIN)</pre>\r\n</li>\r\n<li>\r\n<pre>Clips de sujeci&oacute;n de rieles</pre>\r\n</li>\r\n<li>\r\n<pre>Eclisas</pre>\r\n</li>\r\n<li>\r\n<pre>Pad de apoyo de riel</pre>\r\n</li>\r\n<li>\r\n<pre>Accesorios para Rieles de Rodadura</pre>\r\n</li>\r\n<li>&nbsp;</li>\r\n</ul>\r\n<pre><strong>Componentes y Repuestos Mec&aacute;nico / El&eacute;ctrico </strong></pre>\r\n<pre><strong>(Para cualquier marca de Puente Gr&uacute;a)</strong></pre>\r\n<pre><strong>&nbsp;</strong></pre>\r\n<ul>\r\n<li>\r\n<pre>Aparejos completos</pre>\r\n</li>\r\n<li>\r\n<pre>Ganchos (simples y dobles)</pre>\r\n</li>\r\n<li>\r\n<pre>Ruedas</pre>\r\n</li>\r\n<li>\r\n<pre>Tambores</pre>\r\n</li>\r\n<li>\r\n<pre>Cables de Acero</pre>\r\n</li>\r\n<li>\r\n<pre>Reductores</pre>\r\n</li>\r\n<li>\r\n<pre>Frenos</pre>\r\n</li>\r\n<li>\r\n<pre>Motores</pre>\r\n</li>\r\n<li>\r\n<pre>Sistemas de Control</pre>\r\n</li>\r\n<li>\r\n<pre>Limites de Carrera</pre>\r\n</li>\r\n<li>\r\n<pre>Sensores &ndash; Encoder</pre>\r\n<pre>&nbsp;</pre>\r\n</li>\r\n</ul>\r\n<pre><strong>SERVICIOS / INSPECCIONES / MODERNIZACIONES</strong></pre>\r\n<pre><strong>(Para cualquier marca de Puente Gr&uacute;a)</strong></pre>\r\n<pre><strong>&nbsp;</strong></pre>\r\n<ul>\r\n<li>\r\n<pre>Inspecciones T&eacute;cnicas</pre>\r\n</li>\r\n<li>\r\n<pre>Servicio T&eacute;cnico &ndash; Montaje y Puesta</pre>\r\n</li>\r\n<li>\r\n<pre>en Operaci&oacute;n</pre>\r\n</li>\r\n<li>\r\n<pre>Pruebas de Carga</pre>\r\n</li>\r\n<li>\r\n<pre>Certificaci&oacute;n de Equipos de Izaje</pre>\r\n</li>\r\n<li>\r\n<pre>Cursos de Capacitaci&oacute;n</pre>\r\n</li>\r\n<li>\r\n<pre>(Mantenci&oacute;n y Operaci&oacute;n)</pre>\r\n</li>\r\n<li>\r\n<pre>Contratos de Mantenci&oacute;n</pre>\r\n</li>\r\n<li>\r\n<pre>Estudios de Automatizaci&oacute;n</pre>\r\n</li>\r\n<li>\r\n<pre>Estudios de Factibilidad</pre>\r\n</li>\r\n<li>\r\n<pre>(Modernizaci&oacute;n, Aumento de Capacidad</pre>\r\n</li>\r\n<li>\r\n<pre>y de Clasificaci&oacute;n de Servicio)</pre>\r\n</li>\r\n<li>\r\n<pre>Servicios de Mantenci&oacute;n Preventiva y Correctiva</pre>\r\n<pre>&nbsp;</pre>\r\n<pre><a style="font-size: 13px;" href="/que_hacemos/ultimos_proyectos.php"><span style="text-align: left;">Ir a &uacute;ltimos proyectos &gt;</span><span style="color: #000000; font-size: 13px;">&nbsp;</span></a></pre>\r\n<pre>&nbsp;</pre>\r\n</li>\r\n</ul>\r\n</li>\r\n</ul>', '', '0000-00-00 00:00:00', '2013-10-06 22:40:41', '1'),
(9, 7, 'Unidad de Fajas Transportadoras', '_uni2.jpg', '_fajas_transportadoras.png', '<p><span>&ldquo;En Construcci&oacute;n&rdquo;</span></p>', '<address><span>&ldquo;En Construcci&oacute;n&rdquo;</span></address><address>&nbsp;</address><address>&nbsp;</address><address>&nbsp;</address><address>&nbsp;</address><address>&nbsp;</address><address>&nbsp;</address><address>&nbsp;</address><address><a style="font-size: 13px; display: inline !important;" href="/que_hacemos/servicio_de_empalme.php">Ir a servicio de empalme de fajas &gt;</a></address>', '', '0000-00-00 00:00:00', '2013-10-06 19:05:19', '1'),
(10, 9, 'Servicio de Empalme de Fajas', '', '', '<p>Somos una empresa peruana con mas de 30 a&ntilde;os en el mercado Que con cuatro lineas de negocio: unidad de gruas, unidad de fajas tranportadoras, tiendas y servicio tecnico.</p>', '<div class="uni_response" style="display: inline-block;">\r\n<div style="width: 98%;"><span> Es el comportamiento leal, honesto y fraterno hacia la competencia, los clientes, nuestros colaboradores, el Estado y la sociedad; siendo respetuosos de las reglas de juego y el correcto manejo de los clientes. <br /> Surge de desarrollar y compartir nuestros conocimientos dentro de la organizaci&oacute;n. Fomentamos la integraci&oacute;n donde los objetivos de la empresa son sentidos como propios por todos los colaboradores. <br /> Es nuestro entusiasmo y la satisfacci&oacute;n por la tarea Que se realiza Que nos impulsa a desarrollar nuestro m&aacute;ximo potencial.<br /> Es nuestro inter&eacute;s genuino por fomentar la formaci&oacute;n y el desarrollo de los miembros del equipo Movit&eacute;cnica a partir del an&aacute;lisis de sus necesidades y de la exposici&oacute;n a situaciones Que faciliten su crecimiento.<br /> </span><br /> <br />\r\n<div class="image_box" style="height: auto;"><img src="/userfiles/Valores.png" alt="" /></div>\r\n<a href="/que_hacemos/unidad_fajas_transportadoras.php"> &lt; Regresar a Unidad Fajas Transportadoras</a> <br /><br /></div>\r\n</div>', '', '0000-00-00 00:00:00', '2013-10-06 22:47:04', '1'),
(11, 7, 'Unidad de Servicio Técnico', '_uni3.jpg', '_Servicio_tecnico.png', '<p><span>&ldquo;En Construcci&oacute;n&rdquo;</span></p>', '<div><span>&ldquo;En Construcci&oacute;n&rdquo;</span></div>\r\n<div>&nbsp;<br /><a style="font-size: 13px; display: inline !important;" href="/que_hacemos/ultimos_servicios.php">Ir a &uacute;ltimos servicios &gt;</a></div>', '', '0000-00-00 00:00:00', '2013-10-06 22:41:45', '1'),
(12, 7, 'Unidad Comercial', '_uni4.jpg', '_unidad_comercial.png', '<p><span>&ldquo;En Construcci&oacute;n&rdquo;</span></p>', '<div><span>&ldquo;En Construcci&oacute;n&rdquo;</span></div>\r\n<div><span><br /></span></div>\r\n<div>&nbsp;</div>\r\n<div>&nbsp;</div>\r\n<div><a style="font-size: 13px;" href="/productos/productos.php">Ver Productos &gt;</a></div>', '', '0000-00-00 00:00:00', '2013-10-06 19:09:30', '1'),
(6, 2, 'Equipo de Trabajo', '', '', '<p align="justify"><span style="color: #666666;">Contamos con personal altamente capacitado&nbsp;y comprometido en ofrecer soluciones a nuestros clientes a la medida de sus&nbsp;necesidades.</span></p>', '<p><span>Contamos con personal altamente capacitado&nbsp;y comprometido en ofrecer soluciones a nuestros clientes a la medida de sus&nbsp;necesidades.&nbsp;</span><span>Nuestro principal objetivo es obtener la completa&nbsp;satisfacci&oacute;n de cada cliente que atendemos, a trav&eacute;s de un trato personalizado.&nbsp;</span><span>Somos una empresa preocupada por su gente, creemos en la mejora continua y la excelencia de&nbsp; nuestro trabajo, con lo que buscamos influir en las vidas de nuestros clientes y as&iacute; en todo&nbsp;nuestro entorno.</span><br /><br /></p>', '', '0000-00-00 00:00:00', '2014-02-20 09:30:53', '1'),
(21, 17, 'Testimonios', '', '', '<p>&ldquo;En Construcci&oacute;n&rdquo;</p>', '<p>&ldquo;En Construcci&oacute;n&rdquo;</p>', '', '0000-00-00 00:00:00', '2013-09-25 15:50:12', '1'),
(13, 1, 'SIG', '', 'e437c9_SIG2.jpg', '<p><span>El objetico del Sistema de Gesti&oacute;n de Calidad es brindar servicios de calidad, que satisfagan las expectativas de nuestros clientes y otros involucrados.</span></p>', '<address>En Movit&eacute;cnica brindamos productos, servicios y desarrollamos proyectos&nbsp; que satisfacen los requisitos y las expectativas de&nbsp; nuestros clientes, as&iacute; como las normas aplicables. En tal sentido Movit&eacute;cnica ha implementado y Certificado un Sistema de Gesti&oacute;n documentado e Integrado, alineado al cumplimiento de las Normas <strong>ISO 9001 Calidad.</strong></address><address><strong><br /></strong></address><address>El objetivo de la implementaci&oacute;n de este Sistema de Gesti&oacute;n de Calidad es brindar servicios de calidad, que satisfagan las expectativas de nuestros clientes y otros involucrados en el servicio, previniendo la contaminaci&oacute;n del medio ambiente y reduciendo los riesgos a la seguridad y salud ocupacional del personal asociados a nuestros servicios.</address><address>&nbsp;</address><address><strong>MOVITECNICA obtuvo la certificaci&oacute;n ISO 9001</strong></address><address><span style="font-size: 13px;">Movit&eacute;cnica, recibi&oacute; la certificaci&oacute;n </span><strong style="font-size: 13px;">ISO 9001</strong><span style="font-size: 13px;">&nbsp; que otorga la reconocida auditora internacional </span><strong style="font-size: 13px;">Bureau Veritas</strong><span style="font-size: 13px;">, las cuales acreditan la adecuada implementaci&oacute;n de sus sistemas de Gesti&oacute;n de Calidad.</span></address><address>Movit&eacute;cnica garantiza, de esta forma, que sus procesos se realizan siguiendo altos est&aacute;ndares internacionales, contando con sistemas de control para atender con &eacute;xito los diversos requerimientos que estipulan la certificaci&oacute;n de la norma <strong>ISO 9001.</strong></address><address>&nbsp;</address><address><img src="/userfiles/7bf232_ISO_9001_2.png" alt="" width="640" height="181" /></address><address>&nbsp;</address><address><strong>El alcance de esta certificaci&oacute;n es:</strong></address><address><strong></strong><span style="font-size: 13px;">Importaci&oacute;n, comercializaci&oacute;n e instalaci&oacute;n de puentes gr&uacute;as, polipastos manuales, el&eacute;ctricos y neum&aacute;ticos, trolleys, fajas transportadoras, sistemas de electrificaci&oacute;n, carretillas hidr&aacute;ulicas, eslingas, accesorios de izajes y repuestos; servicio t&eacute;cnico en mantenimiento preventivo, correctivo, evaluaci&oacute;n y diagn&oacute;stico de todo tipo de polipastos y puentes gr&uacute;as; servicio de empalme de fajas.</span></address><address>&nbsp;</address><address>&nbsp;</address><hr /><address><strong><br /></strong></address>', '', '0000-00-00 00:00:00', '2013-10-04 17:28:57', '1'),
(14, 13, 'Política de Calidad', '', '835347_calidad.jpg', '<p>Asignamos recursos necesarios, tecnolog&iacute;a actualizada, personal calificado y comprometido con el proceso de desarrollo del Sistema de Gesti&oacute;n de Calidad</p>', '<p><img style="font-size: 13px;" src="/userfiles/d62c6a_politica.jpg" alt="" width="639" height="843" /></p>\r\n<p>&nbsp;</p>\r\n<p>&nbsp;</p>\r\n<p>&nbsp;</p>', '', '0000-00-00 00:00:00', '2013-10-04 16:08:19', '1'),
(15, 13, 'Garantía', '', '992143_Trabaje_2.jpg', '<p>Garantizamos un producto que sido manufacturado bajo normas t&eacute;cnicas internacionales.</p>', '<p><img src="/userfiles/6e97ef_Certificado-copy.jpg" alt="" width="639" height="843" /></p>\r\n<p>&nbsp;</p>\r\n<p>&nbsp;</p>\r\n<p>&nbsp;</p>\r\n<p>&nbsp;</p>', '', '0000-00-00 00:00:00', '2013-10-04 17:33:50', '1'),
(16, 13, 'Reclamos', '', '_reclamos.png', '<p><span>&ldquo;En Construcci&oacute;n&rdquo;</span></p>', '<p><span>&ldquo;En Construcci&oacute;n&rdquo;</span></p>\r\n<p>&nbsp;</p>\r\n<p>&nbsp;</p>\r\n<div><form class="form-horizontal">\r\n<div class="control-group"><label class="control-label" for="inputname">Nombre</label>\r\n<div class="controls"><input id="inputname" type="text" /></div>\r\n</div>\r\n<div class="control-group"><label class="control-label" for="inputmail">E-Mail</label>\r\n<div class="controls"><input id="inputmail" type="text" /></div>\r\n</div>\r\n<div class="control-group"><label class="control-label" for="inputcompany">Compa&ntilde;ia</label>\r\n<div class="controls"><input id="inputcompany" type="text" /></div>\r\n</div>\r\n<div class="control-group"><label class="control-label" for="inputclaim">Motivo Reclamo</label></div>\r\n<div class="control-group">\r\n<div class="control-group">\r\n<div class="controls"><input id="inputcompany" type="text" /></div>\r\n</div>\r\n</div>\r\n</form></div>', '', '0000-00-00 00:00:00', '2013-10-04 16:55:51', '1'),
(17, 1, 'Trabaje con Nosotros', '', '89332a_Trabaje_2.jpg', '<p>&ldquo;En Construcci&oacute;n&rdquo;</p>', '<p>&ldquo;En Construcci&oacute;n&rdquo;</p>\r\n<p>&nbsp;</p>', '', '0000-00-00 00:00:00', '2013-10-04 16:22:15', '1'),
(23, 8, 'Últimos Proyectos', '', '', '', '<p>La unidad de Proyectos ha desarrollado una estructura de trabajo muy al nivel de grandes compa&ntilde;&iacute;as en el mundo, logrando as&iacute; un gran desempe&ntilde;o.</p>\r\n<p><br /><br /></p>', '', '0000-00-00 00:00:00', '2013-09-23 17:41:21', '1'),
(24, 11, 'Últimos Servicios', '', '', '', '<span>Lorem Ipsum es simplemente el texto de relleno de las imprentas y archivos de texto. Lorem Ipsumha sido<br /> el  texto de rellenoestandar de las industrias desde el año 1500, cuando un impresor(N. del T.)</span><br /><br />', '', '0000-00-00 00:00:00', '2013-08-15 22:30:29', '1'),
(18, 17, '¿Por qué Movitécnica?', '', '362da7_Proyecto1.jpg', '<p>&ldquo;En Construcci&oacute;n&rdquo;</p>', '<p>&ldquo;En Construcci&oacute;n&rdquo;</p>\r\n<p><br /> <span> <br /><br /></span></p>', '', '0000-00-00 00:00:00', '2013-09-30 09:16:39', '1'),
(19, 17, 'Ofertas de Trabajo', '', '', '<p>&ldquo;En Construcci&oacute;n&rdquo;</p>', '<div style="border-top: 1px solid #D7D7D7; padding-top: 15px;">\r\n<p>&ldquo;En Construcci&oacute;n&rdquo;</p>\r\n</div>', '', '0000-00-00 00:00:00', '2013-10-01 11:51:46', '1');

-- --------------------------------------------------------

--
-- Estructura de tabla para la tabla `image`
--

CREATE TABLE IF NOT EXISTS `image` (
  `id` int(11) NOT NULL AUTO_INCREMENT,
  `category_id` int(11) NOT NULL,
  `name` varchar(255) NOT NULL,
  `thumbnail` varchar(255) NOT NULL,
  `image` varchar(255) NOT NULL,
  `description` text NOT NULL,
  `content` text NOT NULL,
  `extra1` varchar(255) NOT NULL,
  `extra2` varchar(255) NOT NULL,
  `created` datetime NOT NULL,
  `updated` timestamp NOT NULL DEFAULT CURRENT_TIMESTAMP ON UPDATE CURRENT_TIMESTAMP,
  `status` tinyint(1) NOT NULL,
  PRIMARY KEY (`id`)
) ENGINE=MyISAM  DEFAULT CHARSET=utf8 AUTO_INCREMENT=70 ;

--
-- Volcado de datos para la tabla `image`
--

INSERT INTO `image` (`id`, `category_id`, `name`, `thumbnail`, `image`, `description`, `content`, `extra1`, `extra2`, `created`, `updated`, `status`) VALUES
(9, 2, 'GYM FERROVÍAS S.A.', '5da763_gym.jpg', 'c9dfb6_gym_grande.jpg', '<p><span><span><span>El Consorcio Tren Lima &ndash; L&iacute;nea 1, conformado por las empresas GyM (Per&uacute;) y Ferrov&iacute;as (Argentina), result&oacute; ganador de la concesi&oacute;n de la L&iacute;nea 1, el consorcio operar&aacute; y mantendr&aacute; durante 30 a&ntilde;os la L&iacute;nea&nbsp;</span></span></span></p>', '<div>El Consorcio Tren Lima &ndash; L&iacute;nea 1, conformado por las empresas GyM (Per&uacute;) y Ferrov&iacute;as (Argentina), result&oacute; ganador de la concesi&oacute;n de la L&iacute;nea 1, el consorcio operar&aacute; y mantendr&aacute; durante 30 a&ntilde;os la L&iacute;nea 1 entre Villa El Salvador y San Juan de Lurigancho. A requerimiento de nuestro cliente Movit&eacute;cnica suministr&oacute; e intal&oacute; dos Puentes Gr&uacute;as Birrieles de 10 toneladas de capacidad, los cuales tienen como principal objetivo realizar el izaje de los equipos, incluidos los vagones mismos y permita realizar de forma precisa y segura las labores de mantenimiento.<br /><br /></div>\r\n<div><a href="ultimos_proyectos.php"> &lt; Regresar a &Uacute;ltimos Proyectos</a></div>', 'Cargo', '', '0000-00-00 00:00:00', '2014-02-20 15:44:39', 1),
(11, 3, 'Nombre', '_uni3.jpg', '_CEO.png', 'Lorem Ipsum es simplemente el texto de relleno de las imprentas y archivos de texto. Lorem Ipsumha sido el texto de rellenoestandar de las industrias desde el año 1500, cuando un impresor(N. del T.)Lorem Ipsum es simplemente el texto de relleno de las imp', '<div>Somos una empresa peruana con mas de 30 años en el mercado Que con cuatro lineas de negocio: unidad de gruas, unidad de fajas tranportadoras, tiendas y servicio tecnico. representamos a marcas de prestigio mundial como YALE INDUSTRAL PRODUCTS para la linea de iaje FENNER DUNLOP para la linea de fajas transportadoras, CONDUCTIX para sistema de electrificacion, ASGCO para accesorios de fajas transportadoras y DUNLOP para fajas en V. Nuestras mayores fortalezas son nuestro personal altamente calificado y el respaldo de nuestros proveedores.<br /><br /> </div><div><a href="Ultimos_Servicios.php"> < Regresar a  Últimos Servicios</a></div>', 'Cargo', '', '0000-00-00 00:00:00', '2013-09-25 15:57:14', 0),
(12, 3, 'Nombre', '_uni3.jpg', '_CEO.png', 'Lorem Ipsum es simplemente el texto de relleno de las imprentas y archivos de texto. Lorem Ipsumha sido el texto de rellenoestandar de las industrias desde el año 1500, cuando un impresor(N. del T.)Lorem Ipsum es simplemente el texto de relleno de las imp', '<div>Somos una empresa peruana con mas de 30 años en el mercado Que con cuatro lineas de negocio: unidad de gruas, unidad de fajas tranportadoras, tiendas y servicio tecnico. representamos a marcas de prestigio mundial como YALE INDUSTRAL PRODUCTS para la linea de iaje FENNER DUNLOP para la linea de fajas transportadoras, CONDUCTIX para sistema de electrificacion, ASGCO para accesorios de fajas transportadoras y DUNLOP para fajas en V. Nuestras mayores fortalezas son nuestro personal altamente calificado y el respaldo de nuestros proveedores.<br /><br /> </div><div><a href="Ultimos_Servicios.php"> < Regresar a  Últimos Servicios</a></div>', 'Cargo', '', '0000-00-00 00:00:00', '2013-09-25 15:57:15', 0),
(13, 3, 'Nombre', '_uni3.jpg', '_CEO.png', 'Lorem Ipsum es simplemente el texto de relleno de las imprentas y archivos de texto. Lorem Ipsumha sido el texto de rellenoestandar de las industrias desde el año 1500, cuando un impresor(N. del T.)Lorem Ipsum es simplemente el texto de relleno de las imp', '<div>Somos una empresa peruana con mas de 30 años en el mercado Que con cuatro lineas de negocio: unidad de gruas, unidad de fajas tranportadoras, tiendas y servicio tecnico. representamos a marcas de prestigio mundial como YALE INDUSTRAL PRODUCTS para la linea de iaje FENNER DUNLOP para la linea de fajas transportadoras, CONDUCTIX para sistema de electrificacion, ASGCO para accesorios de fajas transportadoras y DUNLOP para fajas en V. Nuestras mayores fortalezas son nuestro personal altamente calificado y el respaldo de nuestros proveedores.<br /><br /> </div><div><a href="Ultimos_Servicios.php"> < Regresar a  Últimos Servicios</a></div>', 'Cargo', '', '0000-00-00 00:00:00', '2013-09-25 15:57:16', 0),
(14, 4, 'Asunción Medina', '4f1a35_testimonios2.jpg', 'fa6b11_testimonios2.jpg', '', '', 'Jefe de Ventas UNC', '', '0000-00-00 00:00:00', '2014-02-20 11:07:22', 1),
(15, 4, 'César Yaranga', '063354_testimonios.jpg', 'fb7321_testimonios.jpg', '', '', 'Jefe de Ingeniería', '', '0000-00-00 00:00:00', '2014-02-20 11:08:04', 1),
(16, 4, 'Alberto Delgado', 'd1ab10_testimonios.jpg', '26dc02_testimonios.jpg', '', '', 'Imagen Corporativa', '', '0000-00-00 00:00:00', '2014-02-20 12:47:39', 1),
(69, 2, 'MILPO CERRO LINDO', '52e636_cerro_lindo_chico.jpg', 'a9619c_cerro_lindo.jpg', '<p>La Unidera Milpo Cerro Lindo, empresa dedicada a la producci&oacute;n de concentrado de zinc, plomo y cobre, como parte de su proceso de expansi&oacute;n a 15 TPD - Fase 3, adjudica a Movit&eacute;cnica el proyecto: "Suministro y montaje de 04 Puentes Gr&uacute;as", siendo el mas importante y de mayor complejidad el Puente Gr&uacute;a Birriel de 30 toneladas de capacidad para la camara del Chancado Primario, esta instalaci&oacute;n hace posible el mantenimiento periodico del Chancador y sirvi&oacute; para el montaje del mismo.</p>', '<address>La Unidera Milpo Cerro Lindo, empresa dedicada a la producci&oacute;n de concentrado de zinc, plomo y cobre, como parte de su proceso de expansi&oacute;n a 15 TPD - Fase 3, adjudica a Movit&eacute;cnica el proyecto: "Suministro y montaje de 04 Puentes Gr&uacute;as", siendo el mas importante y de mayor complejidad el Puente Gr&uacute;a Birriel de 30 toneladas de capacidad para la camara del Chancado Primario, esta instalaci&oacute;n hace posible el mantenimiento periodico del Chancador y sirvi&oacute; para el montaje del mismo.</address><address>&nbsp;</address><address><a href="ultimos_proyectos.php">&lt; Regresar a &Uacute;ltimos Proyectos</a></address>', 'aaa', '', '0000-00-00 00:00:00', '2014-02-20 16:50:39', 1),
(17, 5, 'Noticia 1', '60aa8a_ultimos.jpg', '_darb.png', '<p>&ldquo;En Construcci&oacute;n&rdquo;</p>', '<div style="width: 100%;"><a href="#">Link 1</a><br /><a href="#">Link 2</a></div>', 'Cargo', '', '0000-00-00 00:00:00', '2013-09-25 15:08:19', 1),
(38, 7, 'LAS MEJORES MARCAS REPRESENTADAS', '', '88fad4_DUNLOP_2.jpg', '<p><span>Representamos a marcas de prestigio mundial como:&nbsp;</span><br /><span>YALE, STREET, DUNLOP, CONDUCTIX, ASGCO, EMH, K&Uuml;HNEZUG, VETTER...</span></p>', '<p>a</p>', 'productos/productos.php', '', '0000-00-00 00:00:00', '2013-11-03 21:18:18', 1),
(39, 7, 'LAS MEJORES MARCAS REPRESENTADAS', '', '38fb01_YALE.jpg', '<p>Representamos a marcas de prestigio mundial como:&nbsp;<br /> YALE, STREET, DUNLOP, CONDUCTIX, ASGCO, EMH, K&Uuml;HNEZUG, VETTER...</p>', '<p>a</p>', 'productos/productos.php', '', '0000-00-00 00:00:00', '2013-11-03 21:18:16', 1),
(35, 7, 'LAS MEJORES MARCAS REPRESENTADAS', '', 'a8a2e1_vetter.jpg', '<p>Representamos a marcas de prestigio mundial como:&nbsp;<br /> YALE, STREET, DUNLOP, CONDUCTIX, ASGCO, EMH, K&Uuml;HNEZUG, VETTER...</p>', '<p>a</p>', '', '', '0000-00-00 00:00:00', '2013-11-03 21:18:20', 1),
(20, 6, 'Nombre', '_uni3.jpg', '_darb.png', 'Lorem Ipsum es simplemente el texto de relleno de las imprentas y archivos de texto. Lorem Ipsumha sido el texto de rellenoestandar de las industrias desde el año 1500, cuando un impresor(N. del T.)Lorem Ipsum es simplemente el texto de relleno de las imp', '<div style="width: 100%; min-width: 300px;"><span>Somos una empresa peruana con mas de 30 años en el mercado Que con cuatro lineas de negocio : <br /> unidad de gruas, unidad de fajas tranportadoras, tiendas y servicio tecnico. </span><br /></div><br /><div style="min-width: 250px; width: 70%; margin-right: 10px;"><img src="../userfiles/darb.png"></div><br /><br /> <div style="width: 100%"> Por mas informacion porfabor mire en los siguientes Links<br/><a href="#">Link 1</a><br /><a href="#">Link 2</a><br /></div>', 'Cargo', '', '0000-00-00 00:00:00', '2013-09-25 15:56:22', 0),
(21, 6, 'Nombre', '_uni3.jpg', '_darb.png', 'Lorem Ipsum es simplemente el texto de relleno de las imprentas y archivos de texto. Lorem Ipsumha sido el texto de rellenoestandar de las industrias desde el año 1500, cuando un impresor(N. del T.)Lorem Ipsum es simplemente el texto de relleno de las imp', '<div style="width: 100%; min-width: 300px;"><span>Somos una empresa peruana con mas de 30 años en el mercado Que con cuatro lineas de negocio : <br /> unidad de gruas, unidad de fajas tranportadoras, tiendas y servicio tecnico. </span><br /></div><br /><div style="min-width: 250px; width: 70%; margin-right: 10px;"><img src="../userfiles/darb.png"></div><br /><br /> <div style="width: 100%"> Por mas informacion porfabor mire en los siguientes Links<br/><a href="#">Link 1</a><br /><a href="#">Link 2</a><br /></div>', 'Cargo', '', '0000-00-00 00:00:00', '2013-09-25 15:56:23', 0),
(22, 4, 'Maria Paula Romero', 'f87af8_testimonios2.jpg', 'b256ff_testimonios2.jpg', '', '', 'Asistente de Logística', '', '0000-00-00 00:00:00', '2014-02-20 12:45:23', 1),
(23, 4, 'Augusto Guevara', '25bfc1_testimonios.jpg', '6088c7_testimonios.jpg', '', '', 'Supervisor de Campo', '', '0000-00-00 00:00:00', '2014-02-20 12:41:55', 1),
(24, 4, 'Juan Carlos López', '825f7e_testimonios.jpg', 'bc3316_testimonios.jpg', '', '', 'Asesor Técnico Comercial', '', '0000-00-00 00:00:00', '2014-02-20 12:39:28', 1),
(34, 7, 'LAS MEJORES MARCAS REPRESENTADAS', '', '37784f_2b.jpg', '<p>Representamos a marcas de prestigio mundial como:&nbsp;<br /> YALE, STREET, DUNLOP, CONDUCTIX, ASGCO, EMH, K&Uuml;HNEZUG, VETTER...</p>', '<p>a</p>', 'productos/productos.php?filtro=marcas', '', '0000-00-00 00:00:00', '2013-11-03 21:18:21', 1),
(33, 7, '30 AÑOS DE EXPERIENCIA', '', 'd26eba__1.jpg', '<p>Nuestra fortaleza radica en el personal altamente calificado que poseemos, el desarrollo de procesos estandarizados, la solidez como empresa y la alta calidad y respaldo de nuestros proveedores internacionales...</p>', '<p>a</p>', 'conocenos/conocenos.php', '', '0000-00-00 00:00:00', '2013-09-30 08:57:04', 1),
(67, 2, 'VULCO PERÚ', 'a88e1a_vulco_peru_chico.jpg', '3e1a5d_vulco_peru.jpg', '<p>Nuestro Cliente Vulco Per&uacute;, empresa dedicada a la fabricaci&oacute;n y revestimiento de materiales en base a cauchos</p>', '<address>\r\n<p>Nuestro Cliente Vulco Per&uacute;, empresa dedicada a la fabricaci&oacute;n y revestimiento de materiales en base a cauchos,&nbsp; realiz&oacute; trabajos de ampliaci&oacute;n de su planta de producci&oacute;n. Es as&iacute; que en el &aacute;rea de prensado, solicitan la instalaci&oacute;n de una Gr&uacute;a P&oacute;rtico Birriel de 15t de capacidad para la manipulaci&oacute;n de moldes de 2.5 metros de di&aacute;metro, permitiendo de esta manera la mejora en el proceso productivo.</p>\r\n</address><address>&nbsp;</address><address><a href="ultimos_proyectos.php">&lt; Regresar a &Uacute;ltimos Proyectos</a></address>', '', '', '0000-00-00 00:00:00', '2014-02-20 15:45:18', 1),
(61, 1, 'Gustavo Delgado', '', '', '<p>aaaaaaaaaaaaaaaaaaaaaaaaa</p>', '<p>aaaaaaaaaaaaaaaaaaaaa</p>', 'Gerente General', '', '0000-00-00 00:00:00', '2014-02-20 10:19:09', 1),
(62, 1, 'Fco. Javier Henriquez C.', '', '', '<p>aaaaaaaaaaa</p>', '<p>aaaaaaaaaaaaa</p>', 'Gerente de Proyectos', '', '0000-00-00 00:00:00', '2014-02-20 10:18:56', 1),
(63, 1, 'Roxana Burgos', '', '', '<p>aaa</p>', '<p>aaa</p>', 'aaa', '', '0000-00-00 00:00:00', '2014-02-20 10:18:10', 1),
(64, 4, 'Jessica Torres', 'ebfcd8_testimonios2.jpg', '02f902_testimonios2.jpg', '', '', 'Contadora General', '', '0000-00-00 00:00:00', '2014-02-20 12:36:34', 1),
(65, 4, 'Alejandro Saco', 'baf519_testimonios.jpg', '8c97e6_testimonios.jpg', '', '', 'Ing. Comercial UNP', '', '0000-00-00 00:00:00', '2014-02-20 12:35:14', 1),
(66, 4, 'Claudia Soberón', 'c1bb71_testimonios2.jpg', 'ecd493_testimonios2.jpg', '<p>sssssssssssssssss</p>', '<p>ssssssssssssssssssssssssssssssssssssssssssssssssssssssssssssss ssssssss</p>', 'Ex Asit. de Marketing', '', '0000-00-00 00:00:00', '2014-02-20 12:35:35', 1);

-- --------------------------------------------------------

--
-- Estructura de tabla para la tabla `product`
--

CREATE TABLE IF NOT EXISTS `product` (
  `id` int(11) NOT NULL AUTO_INCREMENT,
  `parent_id` int(11) NOT NULL,
  `type` int(11) NOT NULL,
  `name` varchar(255) NOT NULL,
  `image` varchar(255) NOT NULL,
  `content` text NOT NULL,
  `file` varchar(255) NOT NULL,
  `created` datetime NOT NULL,
  `updated` timestamp NOT NULL DEFAULT CURRENT_TIMESTAMP ON UPDATE CURRENT_TIMESTAMP,
  `status` int(11) NOT NULL,
  `hidden` varchar(255) NOT NULL,
  `prod_mark` int(11) NOT NULL,
  PRIMARY KEY (`id`)
) ENGINE=InnoDB  DEFAULT CHARSET=utf8 AUTO_INCREMENT=138 ;

--
-- Volcado de datos para la tabla `product`
--

INSERT INTO `product` (`id`, `parent_id`, `type`, `name`, `image`, `content`, `file`, `created`, `updated`, `status`, `hidden`, `prod_mark`) VALUES
(1, 0, 1, 'Izaje', '263ad9_IZAJE_2.png', '<p>&nbsp;</p>\r\n<p>&nbsp;</p>', '', '0000-00-00 00:00:00', '2013-10-01 12:40:26', 1, '', 0),
(2, 1, 1, 'Polipastos Manuales', '_poli-ejem.png', '', '', '0000-00-00 00:00:00', '2013-09-25 18:47:02', 1, '', 0),
(3, 2, 1, 'Cadena', '_poli-ejem.png', '', '', '0000-00-00 00:00:00', '2013-08-28 00:01:41', 1, '', 0),
(4, 2, 1, 'Palanca', '_poli-ejem.png', '', '', '0000-00-00 00:00:00', '2013-08-25 23:02:24', 1, '', 0),
(5, 2, 1, 'Cable', '_poli-ejem.png', '', '', '0000-00-00 00:00:00', '2013-08-25 23:02:24', 1, '', 0),
(6, 1, 1, 'Polipastos Eléctricos', '_poli-ejem.png', '', '', '0000-00-00 00:00:00', '2013-09-16 05:14:32', 1, '', 0),
(10, 0, 1, 'Fajas Transportadoras', '963a99_FAJAS_2.png', '', '', '0000-00-00 00:00:00', '2013-10-01 12:40:31', 1, '', 0),
(11, 9, 1, 'Fajas Transport', '_poli-ejem.png', '', '', '0000-00-00 00:00:00', '2013-08-25 23:02:24', 1, '', 0),
(13, 11, 1, 'Antiabrasivas', '_poli-ejem.png', '', '', '0000-00-00 00:00:00', '2013-08-25 23:02:24', 1, '', 0),
(14, 11, 1, 'Alta Temperatura', '_poli-ejem.png', '', '', '0000-00-00 00:00:00', '2013-08-25 23:02:24', 1, '', 0),
(16, 0, 1, 'Sistemas de Electrificación', 'bb02f3_SISTEMAS-DE-ELECTRIFICACIN_2.png', '', '', '0000-00-00 00:00:00', '2013-10-01 12:40:36', 1, '', 0),
(17, 15, 1, 'Carretilla Hidráulica Quicklift', '_poli-ejem.png', '', '', '0000-00-00 00:00:00', '2013-08-25 23:02:24', 1, '', 0),
(22, 3, 3, 'VS PLUS', '9297f5_VS-PLUS.jpg', '<address><strong>M&aacute;ximo rendimiento</strong></address><address><strong><br /></strong></address><address><strong>Capacidades de 0.5&nbsp; a 5 TN. </strong></address><address><strong>&nbsp;</strong></address><address>Se distingue por su carcasa robusta de acero y sus rodamientos encapsulados y lubricados de alta calidad. Dise&ntilde;ada para un mantenimiento r&aacute;pido y f&aacute;cil.</address><address>&nbsp;</address>\r\n<ul>\r\n<li style="text-align: justify;"><address>Cadena de mando zincada.</address></li>\r\n<li style="text-align: justify;"><address>M&aacute;xima protecci&oacute;n anti-corrosiva.</address></li>\r\n<li style="text-align: justify;"><address>Rodillos mecanizados con precisi&oacute;n.</address></li>\r\n<li style="text-align: justify;"><address>Sistema de Freno especialmente cerrado.</address></li>\r\n<li style="text-align: justify;"><address>Incluye certificados de prueba y manual de instrucciones.</address></li>\r\n</ul>', '5c3f82_VS_plus_-_Movitecnica.pdf', '0000-00-00 00:00:00', '2013-10-21 14:57:28', 1, '', 40),
(24, 0, 1, 'Chutes', '097448_CHUTES_2.png', '', '', '0000-00-00 00:00:00', '2013-10-01 12:40:42', 1, '', 0),
(25, 3, 3, 'YALE LIFT 360°', 'cb2a4b_YALELIFT-360.jpg', '<address><strong>Sistema de mando desde cualquier &aacute;ngulo</strong></address><address><strong><br /></strong></address><address><strong>Capacidades de 0.5 a 20 TN.</strong></address><address><strong>&nbsp;</strong></address><address>El sistema de mando giratorio a 360&deg; permite al operario trabajar desde cualquier posici&oacute;n en espacios cerrados o por encima de la carga. Yalelift 360&deg; ofrece un nuevo sistema de freno que brinda una mayor seguridad operativa y un bajo costo de mantenimiento.</address>&nbsp;\r\n<ul>\r\n<li style="text-align: justify;"><address>Sistema de freno silencioso galvanizados con tratamiento bicromatizado contra la corrosi&oacute;n.</address></li>\r\n</ul>', '', '0000-00-00 00:00:00', '2013-10-21 14:57:32', 1, '', 40),
(26, 3, 3, 'SHA', '2e4c35_SHA.jpg', '<address><strong>Heavy Duty</strong></address><address><strong><br /></strong></address><address><strong>Capacidades de 0.5 a 50 TN.</strong></address><address><strong>&nbsp;</strong></address>\r\n<ul>\r\n<li style="text-align: justify;"><address>Dise&ntilde;o ligero y compacto ideal para aplicaciones donde la portabilidad y el f&aacute;cil ajuste son cr&iacute;ticos.</address></li>\r\n<li style="text-align: justify;"><address>Cuerpo de acero estampado y cadena de carga endurecida para m&iacute;nimo desgaste y larga vida.</address></li>\r\n<li style="text-align: justify;"><address>Engranes rectos termo-tratados que aseguran el funcionamiento suave y eficaz con el m&iacute;nimo esfuerzo.</address></li>\r\n<li style="text-align: justify;"><address>Dise&ntilde;ado para una f&aacute;cil inspecci&oacute;n y mantenimiento.</address></li>\r\n<li style="text-align: justify;"><address>Freno mec&aacute;nico de carga para sujeci&oacute;n y posicionamiento preciso de la carga.</address></li>\r\n</ul>', '', '0000-00-00 00:00:00', '2013-10-21 14:57:36', 1, '', 40),
(27, 4, 3, 'UNO PLUS', '9b5c14_UNO.jpg', '<address><strong style="font-size: 13px;">Liviano y Vers&aacute;til</strong></address><address>&nbsp;</address><address><strong style="font-size: 13px;">Capacidades de 0.75 a 6 TN.&nbsp;</strong></address><address><strong>&nbsp;</strong></address><address>Se distingue por su construcci&oacute;n robusta de acero, su dise&ntilde;o compacto y su freno de carga resistente a la corrosi&oacute;n.</address>&nbsp;\r\n<ul>\r\n<li style="text-align: justify;"><address>Dispositivo de punto neutro para enganchar r&aacute;pidamente la carga.</address></li>\r\n<li style="text-align: justify;"><address>Engranajes optimizados y rodamientos mejorados que permiten un esfuerzo m&iacute;nimo para el izaje de la carga.</address></li>\r\n</ul>', '', '0000-00-00 00:00:00', '2013-10-21 14:58:04', 1, '', 40),
(28, 4, 3, 'D95', '29e8d7_D95.jpg', '<address><strong>Resistente a los impactos HEAVY DUTY</strong></address><address><strong><br /></strong></address><address><strong>Capacidades de&nbsp; 1.5 a 3 TN.</strong></address><address><strong>&nbsp;</strong></address><address>Polipasto vers&aacute;til para mover, posicionar y asegurar cargas. Su fabricaci&oacute;n en acero de fundici&oacute;n de alta resistencia lo hace adecuado para trabajar en condiciones extremas.</address><address>La palanca peque&ntilde;a y ergon&oacute;mica tiene una empu&ntilde;adora de goma.</address>&nbsp;\r\n<ul>\r\n<li style="text-align: justify;"><address>Freno de carga autom&aacute;tico con un roscado plano de auto-retenci&oacute;n.</address></li>\r\n<li style="text-align: justify;"><address>Dispositivo de punto neutro para enganchar r&aacute;pidamente la carga o mover la cadena.</address></li>\r\n</ul>', '', '0000-00-00 00:00:00', '2013-10-21 14:58:10', 1, '', 40),
(29, 4, 3, 'PSB', '5dca61_PSB.jpg', '<address><strong>Resistente a los impactos HEAVY DUTY</strong></address><address><strong><br /></strong></address><address><strong>Capacidades de&nbsp; 1.5 a 3 TN.</strong></address><address><strong>&nbsp;</strong></address><address>Polipasto vers&aacute;til para mover, posicionar y asegurar cargas. Su fabricaci&oacute;n en acero de fundici&oacute;n de alta resistencia lo hace adecuado para trabajar en condiciones extremas.</address><address>La palanca peque&ntilde;a y ergon&oacute;mica tiene una empu&ntilde;adora de goma.</address>&nbsp;\r\n<ul>\r\n<li style="text-align: justify;"><address>Freno de carga autom&aacute;tico con un roscado plano de auto-retenci&oacute;n.</address></li>\r\n<li style="text-align: justify;"><address>Dispositivo de punto neutro para enganchar r&aacute;pidamente la carga o mover la cadena.</address></li>\r\n</ul>', '', '0000-00-00 00:00:00', '2013-10-21 14:58:14', 1, '', 40),
(30, 5, 3, 'YALETRAC', '757a34_YALETRAC.jpg', '<address><strong>Port&aacute;til, Pr&aacute;ctico y Seguro&nbsp;</strong></address><address><strong><br /></strong></address><address><strong>Capacidades de 0.8 a 3.2 TN.</strong></address><address><strong>&nbsp;</strong></address><address>Polipasto liviano de alta resistencia para tirar, levantar, bajar, tensar y sujetar cargas sobre largas distancias. Dise&ntilde;ada con una superficie inferior larga y plana para conseguir una mayor estabilidad al ser usado tanto en posici&oacute;n horizontal como vertical.</address>&nbsp;\r\n<ul>\r\n<li style="text-align: justify;"><address>Sus mordazas cil&iacute;ndricas y paralelas reducen el desgaste del cable.</address></li>\r\n<li style="text-align: justify;"><address>Palanca de avance y retroceso situada en direcci&oacute;n longitudinal.</address></li>\r\n<li style="text-align: justify;"><address>Protecci&oacute;n contra sobrecargas con clavija de corte, f&aacute;cilmente sustituible a plena carga.</address></li>\r\n<li style="text-align: justify;"><address>Gancho de seguridad en uno de los dos extremos.</address></li>\r\n</ul>', '', '0000-00-00 00:00:00', '2013-10-21 14:58:56', 1, '', 40),
(31, 7, 1, 'CPE', 'ab826e_CPE.png', '<p>Caracter&iacute;sticas</p>\r\n<p>&bull; La caja de engranajes planetarios est&aacute;ndar, lubricada con un ba&ntilde;o de aceite hace que funcione de manera silenciosa y con ello se consigue una altura perdida reducida (ver la dimensi&oacute;n A en la</p>\r\n<p>tabla de la p&aacute;gina 56).</p>\r\n<p>&bull; En el dise&ntilde;o est&aacute;ndar las unidades llevan mando directo. Opcional con mando de baja tensi&oacute;n de 42 V.</p>\r\n<p>&bull; La nuez de cadena con 5 encajes est&aacute; fabricada en acero cementado de alta resistencia y con tolerancias perfectamente adaptadas a la cadena de carga para garantizar un movimiento silencioso y preciso.</p>\r\n<p>&bull; Cadena de eslabones en acero cementado y galvanizada.</p>\r\n<p>&bull; El motor de alto rendimiento tiene un freno ajustable con regulaci&oacute;n de presi&oacute;n por muelle que mantiene la carga segura incluso en el caso de corte de la corriente el&eacute;ctrica.</p>\r\n<p>&bull; El motor est&aacute; dise&ntilde;ado para ciclos de trabajo intensos.</p>\r\n<p>&bull; El motor lleva protecci&oacute;n t&eacute;rmica bimet&aacute;lica (s&oacute;lo</p>\r\n<p>posible con la opci&oacute;n de mando de baja tensi&oacute;n).</p>\r\n<p>&bull; 400 &oacute; 230 V, trif&aacute;sico, 50 Hz, resp. 460 &oacute; 230 V, trif&aacute;sico, 60 Hz. Versiones con carro VTEF (2 velocidades de traslaci&oacute;n)&nbsp; 400 V, 50 Hz resp. 460 V, 60 Hz.</p>\r\n<p>&bull; Motor protegido seg&uacute;n IP 54, aislamiento clase F.</p>', '', '0000-00-00 00:00:00', '2013-09-13 22:39:17', 1, '', 0),
(32, 7, 1, 'YJL', 'e9e72c_YJL.png', '<p>Fabricado en Estados Unidos, el polipasto el&eacute;ctrico de cadena modelo&nbsp;<strong>YJL</strong>&nbsp;est&aacute; diseńado para lograr el m&aacute;s alto desempeńo. Indicado para uso industrial, es la mejor opci&oacute;n para operar en condiciones de trabajo pesado dado su tamańo compacto, su carcasa totalmente de acero y su motor mejorado apto para alcanzar ciclos de trabajo tipo ASME H-4, adem&aacute;s tiene entre sus caracter&iacute;sticas m&aacute;s relevantes el freno de disco m&uacute;ltiple, el embrague de sobrecarga y el limitador de izaje ajustable que proporcionan seguridad y confiabilidad durante el funcionamiento. Su construcci&oacute;n, su diseńo y su precio hacen de este modelo el polipasto l&iacute;der en el mercado colombiano en su categor&iacute;a. Esta l&iacute;nea ofrece capacidades de carga desde 1/4 Tonelada hasta 2 Toneladas.</p>', '', '0000-00-00 00:00:00', '2013-09-13 22:39:41', 1, '', 0),
(40, 1, 2, 'Yale Hoist', 'cff3d4_Yale-hoist.png', '', '', '0000-00-00 00:00:00', '2013-10-10 19:41:16', 1, '', 0),
(41, 1, 2, 'Street', 'f48668_Street.png', '', '', '0000-00-00 00:00:00', '2013-10-11 10:21:59', 1, '2,3,4,5,48,90,93,60', 0),
(42, 10, 2, 'Dunlop', '1ae05e_Dunlop.png', '', '', '0000-00-00 00:00:00', '2013-10-11 10:40:35', 1, '2,6,90,93,62,72,73,78,79,74', 0),
(43, 10, 2, 'ASGCO', '10d380_ASGCO.png', '', '', '0000-00-00 00:00:00', '2013-10-11 10:31:44', 1, '60,61', 0),
(44, 16, 2, 'Conductix', '0f542e_Conductix.png', '', '', '0000-00-00 00:00:00', '2013-10-11 10:43:26', 1, '2,6,90,93,60,61,62,60,62', 0),
(45, 1, 2, 'KÜHNEZUG', '96d950_KUNEZUG.png', '', '', '0000-00-00 00:00:00', '2013-10-14 17:44:53', 1, '2,90,93', 0),
(46, 1, 2, 'Vetter', 'e7973b_Vetter.png', '', '', '0000-00-00 00:00:00', '2013-10-14 17:45:44', 1, '2,6,90,93', 0),
(47, 1, 2, 'EMH', 'd6d03a_EMH.png', '', '', '0000-00-00 00:00:00', '2013-10-14 17:46:03', 1, '2,6,90,93', 0),
(48, 6, 1, 'Cadena', '', '', '', '0000-00-00 00:00:00', '2013-09-25 18:46:24', 1, '', 0),
(49, 6, 1, 'Cable', '', '', '', '0000-00-00 00:00:00', '2013-09-16 14:26:52', 1, '', 0),
(50, 48, 3, 'CPE', '5c4906_CPE.jpg', '<address><strong>Compacto, robusto y durable</strong></address><address><strong><br /></strong></address><address><strong>Capacidades de 1.6 a 10 TN. </strong></address>&nbsp;\r\n<ul>\r\n<li><address>Clasificaci&oacute;n 1 Am/M4 seg&uacute;n FEM, dise&ntilde;ado para una larga vida de trabajo.</address></li>\r\n<li><address>Caja de engranajes planetarios de alta eficiencia y silenciosos.</address></li>\r\n<li><address>Motor con aislamiento clase &ldquo;F&rdquo; y protecci&oacute;n IP54 de alto rendimiento dise&ntilde;ado para ciclos de trabajo intensos.</address></li>\r\n<li><address>Freno ajustable con capacidad de regulaci&oacute;n por muelle que mantiene la carga seguro incluso sin energ&iacute;a el&eacute;ctrica.</address></li>\r\n<li><address>Gancho superior/inferior fabricado en acero especial, forjado y bonificado.</address></li>\r\n<li><address>Mando de baja tensi&oacute;n que incluye pulsador de parada de emergencia.</address></li>\r\n</ul>', '', '0000-00-00 00:00:00', '2013-10-21 14:55:40', 1, '', 40),
(51, 48, 3, 'YJL', 'c343e4_YJL.jpg', '<address><strong>Modelo compacto y liviano</strong></address><address><strong><br /></strong></address><address><strong>Capacidades de 0.5 a 2 TN.</strong></address>&nbsp;\r\n<ul>\r\n<li><address>Clasificaci&oacute;n H4, seg&uacute;n&nbsp; norma&nbsp; HMI.</address></li>\r\n<li><address>Dise&ntilde;o de carcasa compacta y herm&eacute;tica con protecci&oacute;n NEMA3R contra lluvia para trabajo exterior.</address></li>\r\n<li><address>Lubricaci&oacute;n de ba&ntilde;o de aceite que permite una operaci&oacute;n silenciosa.</address></li>\r\n<li><address>Sistema de freno de discos m&uacute;ltiples confiable para uso pesado.</address></li>\r\n<li><address>Cuenta con dispositivo mec&aacute;nico de protecci&oacute;n contra sobrecarga.</address></li>\r\n<li><address>Controles el&eacute;ctricos IEC que cumplen o exceden con los c&oacute;digos el&eacute;ctricos.</address></li>\r\n</ul>', '', '0000-00-00 00:00:00', '2013-10-21 14:55:46', 1, '', 40),
(52, 49, 3, 'Cable King', '0180e6_CABLE-KING.jpg', '<address>\r\n<p>&ldquo;En Construcci&oacute;n&rdquo;</p>\r\n</address>', '', '0000-00-00 00:00:00', '2013-10-10 21:49:42', 1, '', 40),
(53, 49, 3, 'Global King', 'd7b8d0_GLOBAL-KING.jpg', '<address>\r\n<p>&ldquo;En Construcci&oacute;n&rdquo;</p>\r\n</address>', '', '0000-00-00 00:00:00', '2013-10-10 21:49:32', 1, '', 40),
(55, 49, 3, 'Y80', '695d3a_Y80.jpg', '<p>&ldquo;En Construcci&oacute;n&rdquo;</p>', '', '0000-00-00 00:00:00', '2013-10-10 21:49:47', 1, '', 40),
(56, 49, 3, 'ZX', '67173c_ZX.jpg', '<p>&ldquo;En Construcci&oacute;n&rdquo;</p>', '', '0000-00-00 00:00:00', '2013-10-10 21:49:51', 1, '', 41),
(60, 10, 1, 'Fajas de Lona', '', '', '', '0000-00-00 00:00:00', '2013-09-16 17:47:26', 1, '', 0),
(61, 10, 1, 'Fajas de Acero', '', '', '', '0000-00-00 00:00:00', '2013-09-16 17:47:48', 1, '', 0),
(62, 10, 1, 'Accesorios de Fajas', '', '', '', '0000-00-00 00:00:00', '2013-09-16 22:21:57', 1, '', 0),
(63, 60, 1, 'Antiabrasivas', '', '', '', '0000-00-00 00:00:00', '2013-09-16 22:23:43', 1, '', 0),
(64, 60, 1, 'Alta Temperatura', '', '', '', '0000-00-00 00:00:00', '2013-09-16 22:24:20', 1, '', 0),
(65, 63, 3, 'SUPERFORT', 'd0ac44_Superfort.jpg', '<address><strong>Fajas de Polyester / Nylon EP</strong></address><address><strong><br /></strong></address><address>La vers&aacute;til faja Dunlop Superfort&reg; cuenta con una construcci&oacute;n de carcasa ensayada y probada, ofreciendo una excepcional fiabilidad, duraci&oacute;n y caracter&iacute;sticas de &ldquo;bajo alargamiento&rdquo; especialmente buenas.</address><address><span style="font-size: 13px;">Proporcionan una soluci&oacute;n multi-funcional para una amplia variedad de aplicaciones, desde las de tipo ligero, como por ejemplo manipulaci&oacute;n de equipajes en aeropuertos internacionales hasta las condiciones de servicio m&aacute;s exigentes, especialmente cuando se trata del transporte de materiales pesados a granel.</span></address><address>Disponible en varias versiones multi-telas.</address><address><strong><br /></strong></address>', '', '0000-00-00 00:00:00', '2013-10-11 10:09:29', 1, '', 42),
(66, 64, 3, 'BETAHETE', '8d6401_NADA.jpg', '<address><strong>Calidad DIN:</strong> T</address><address>&nbsp;</address><address><strong>Temp. admitida en &ldquo;C&rdquo;</strong></address><address><strong><br /></strong></address><address>a) M&iacute;n. Ambiente: -20</address><address>b) Material cont.:50</address><address>c) Material max.:170</address><address>&nbsp;</address><address><strong>Base Polymer</strong>: SBR</address><address>&nbsp;</address><address><strong>Caracter&iacute;sticas t&eacute;cnicas / Zonas de aplicaci&oacute;n: </strong></address><address>Resistente al calor en el caso de materiales a temperaturas moderadas.</address><address>&nbsp;</address><address>&nbsp;</address><address>&nbsp;</address><address>&nbsp;</address>', '', '0000-00-00 00:00:00', '2013-10-11 10:09:38', 1, '', 42),
(67, 64, 3, 'STARHETE', '293388_NADA.jpg', '<address><strong>Calidad DIN:</strong> T</address><address>&nbsp;</address><address><strong>Temp. admitida en &ldquo;C&rdquo;</strong></address><address><strong><br /></strong></address><address>a) M&iacute;n. Ambiente: -20</address><address>b) Material cont.:180</address><address>c) Material max.:220</address><address>&nbsp;</address><address><strong>Base Polymer</strong>: IIR</address><address>&nbsp;</address><address><strong>Caracter&iacute;sticas t&eacute;cnicas / Zonas de aplicaci&oacute;n: </strong></address><address>Mayor resistencia al calor en el caso de materiales a temperaturas altas controladas</address>', '', '0000-00-00 00:00:00', '2013-10-11 10:09:45', 1, '', 42),
(68, 64, 3, 'DELTAHETE', 'cf9b3c_NADA.jpg', '<address><strong>Calidad DIN:</strong> T</address><address>&nbsp;</address><address><strong>Temp. admitida en &ldquo;C&rdquo;</strong></address><address>a) M&iacute;n. Ambiente: -20</address><address>b) Material cont.:200</address><address>c) Material max.:400</address><address>&nbsp;</address><address><strong>Base Polymer</strong>: EPDM</address><address>&nbsp;</address><address><strong>Caracter&iacute;sticas t&eacute;cnicas / Zonas de aplicaci&oacute;n: </strong></address><address>Resistencia al calor superior en el caso de condiciones de uso industrial, hasta 400&deg;C durante per&iacute;odos cortos</address>', '', '0000-00-00 00:00:00', '2013-10-11 10:09:50', 1, '', 42),
(70, 61, 1, 'FERROFLEX', '', '', '', '0000-00-00 00:00:00', '2013-09-16 22:51:18', 1, '', 0),
(71, 70, 3, 'FERROFLEX', '7d4a02_NADA.jpg', '<p>"En Construcci&oacute;n"</p>', '', '0000-00-00 00:00:00', '2013-10-11 10:11:59', 1, '', 42),
(72, 62, 1, 'Alineadores', '', '', '', '0000-00-00 00:00:00', '2013-09-16 22:53:41', 1, '', 0),
(73, 62, 1, 'Limpiadores', '', '', '', '0000-00-00 00:00:00', '2013-09-16 22:53:53', 1, '', 0),
(74, 62, 1, 'Cama de Impacto', '', '', '', '0000-00-00 00:00:00', '2013-09-16 22:54:02', 1, '', 0),
(75, 72, 3, 'Alineador de Retorno Plano Tru-Trainer', 'ad96e3_RETORNO-PLANO.png', '<address>"En Construcci&oacute;n"</address>', '', '0000-00-00 00:00:00', '2013-10-11 10:32:05', 1, '', 43),
(76, 72, 3, 'Alineador de Doble Retorno Tru-Trainer', '8a5d35_DOBLE-RETORNO.png', '<address>"En Construcci&oacute;n"</address>', '', '0000-00-00 00:00:00', '2013-10-11 10:32:10', 1, '', 43),
(77, 72, 3, 'Alineador de Carga Tru-Trainer', 'f37c6e_CANALIZACIN.png', '<address><span>"En Construcci&oacute;n"</span></address>', '', '0000-00-00 00:00:00', '2013-10-11 10:32:15', 1, '', 43),
(78, 73, 1, 'Primarios', '', '', '', '0000-00-00 00:00:00', '2013-09-17 21:15:31', 1, '', 0),
(79, 73, 1, 'Secundarios', '', '', '', '0000-00-00 00:00:00', '2013-09-17 21:15:37', 1, '', 0),
(80, 78, 3, 'SKALPER', '6294f8_NADA.jpg', '<p><span>"En Construcci&oacute;n"</span></p>', '', '0000-00-00 00:00:00', '2013-10-11 10:32:31', 1, '', 43),
(81, 78, 3, 'SUPER SKALPER', '19ace1_NADA.jpg', '<p><span>"En Construcci&oacute;n"</span></p>', '', '0000-00-00 00:00:00', '2013-10-11 10:32:36', 1, '', 43),
(82, 79, 3, 'Razor-Back', '5f2794_NADA.jpg', '<p><span>"En Construcci&oacute;n"</span></p>', '', '0000-00-00 00:00:00', '2013-10-11 10:34:43', 1, '', 43),
(83, 79, 3, 'Razor-Back MDX', 'c603ed_NADA.jpg', '<p><span>"En Construcci&oacute;n"</span></p>', '', '0000-00-00 00:00:00', '2013-10-11 10:34:48', 1, '', 43),
(86, 79, 3, 'TORO ™', '233292_NADA.jpg', '<p><span>"En Construcci&oacute;n"</span></p>', '', '0000-00-00 00:00:00', '2013-10-11 10:34:53', 1, '', 43),
(87, 74, 3, 'Camas modulares de impacto', '', '', '', '0000-00-00 00:00:00', '2013-10-11 10:38:54', 1, '', 43),
(88, 74, 3, 'Camas de Impacto', '', '', '', '0000-00-00 00:00:00', '2013-10-11 10:38:58', 1, '', 43),
(89, 74, 3, 'Camas Slide-N- Seal', '', '', '', '0000-00-00 00:00:00', '2013-10-11 10:39:04', 1, '', 43),
(90, 1, 1, 'Trolleys', '', '', '', '0000-00-00 00:00:00', '2013-09-25 18:47:04', 1, '', 0),
(91, 90, 1, 'Manuales', '', '', '', '0000-00-00 00:00:00', '2013-09-25 18:00:15', 1, '', 0),
(92, 90, 1, 'Eléctricos', '', '', '', '0000-00-00 00:00:00', '2013-09-25 18:00:23', 1, '', 0),
(93, 1, 1, 'Accesorios de Izaje', '', '', '', '0000-00-00 00:00:00', '2013-09-25 18:47:03', 1, '', 0),
(94, 93, 1, 'Accesorios Varios', '', '', '', '0000-00-00 00:00:00', '2013-09-25 17:48:55', 1, '', 0),
(95, 93, 1, 'Eslingas', '', '', '', '0000-00-00 00:00:00', '2013-09-25 17:49:02', 1, '', 0),
(96, 93, 1, 'Estrobos', '', '', '', '0000-00-00 00:00:00', '2013-09-25 17:49:13', 1, '', 0),
(97, 93, 1, 'Sistémas Hidráulicos', '', '', '', '0000-00-00 00:00:00', '2013-09-25 17:50:27', 1, '', 0),
(99, 91, 3, 'HTP', 'fce28b_HTP.jpg', '<address><strong>Capacidades de 0.5 a 20 TN.</strong></address><address><strong><br /></strong></address><address>Se caracteriza por la rotaci&oacute;n del eje de suspensi&oacute;n que garantiza el posicionamiento centrado del polipasto, evitando el balanceo lateral.</address>&nbsp;\r\n<ul>\r\n<li><address>Sus ruedas de acero forjado montadas sobre rodamientos de bola encapsulados y pre-lubricados tienen baja resistencia a la rodadura.</address></li>\r\n<li><address>Se ajusta a una gran variedad de anchuras y perfiles de viga girando el husillo de suspensi&oacute;n.</address></li>\r\n<li><address>Las ruedas del carro est&aacute;n dise&ntilde;adas para una inclinaci&oacute;n m&aacute;xima en la viga del 14 % (DIN 1025 &ndash; parte 1).</address></li>\r\n</ul>', '', '0000-00-00 00:00:00', '2013-10-21 14:58:28', 1, '', 40),
(100, 91, 3, 'HTG', '383789_HTG.jpg', '<address><strong>Capacidades de 0.5 a 20 TN.</strong></address><address><strong><br /></strong></address><address>Se caracteriza por la rotaci&oacute;n del eje de suspensi&oacute;n que garantiza el posicionamiento centrado del polipasto, evitando el balanceo lateral.</address>&nbsp;\r\n<ul>\r\n<li><address>Sus ruedas de acero forjado montadas sobre rodamientos de bola encapsulados y pre-lubricados tienen baja resistencia a la rodadura.</address></li>\r\n<li><address>Se ajusta a una gran variedad de anchuras y perfiles de viga girando el husillo de suspensi&oacute;n.</address></li>\r\n<li><address>Las ruedas del carro est&aacute;n dise&ntilde;adas para una inclinaci&oacute;n m&aacute;xima en la viga del 14 % (DIN 1025 &ndash; parte 1).</address></li>\r\n</ul>', '', '0000-00-00 00:00:00', '2013-10-21 14:58:33', 1, '', 40),
(101, 92, 3, 'VTE', 'd39126_VTE.jpg', '<p style="text-align: justify;"><strong>Modelo compacto y de estructura robusta</strong></p>\r\n&nbsp;\r\n<p style="text-align: justify;">Especialmente recomendado para cargas superiores a 1.000 kg para transportarlas a trav&eacute;s de largas distancias y/o para usos frecuentes. Adecuado para casi todos los polipastos con gancho de suspensi&oacute;n debido a su grillete de conexi&oacute;n universal. El motor de translaci&oacute;n con transmisi&oacute;n de engranaje helicoidal permite arrancar con suavidad y frenar autom&aacute;ticamente,no se necesita freno de motor independiente.</p>', '', '0000-00-00 00:00:00', '2013-10-11 10:02:16', 1, '', 40),
(103, 78, 3, 'SKALPER MDX', 'e6db67_NADA.jpg', '<p><span>"En Construcci&oacute;n"</span></p>', '', '0000-00-00 00:00:00', '2013-10-11 10:32:41', 1, '', 43),
(104, 78, 3, 'E-Z SKALPER', '212f13_NADA.jpg', '<p><span>"En Construcci&oacute;n"</span></p>', '', '0000-00-00 00:00:00', '2013-10-11 10:32:48', 1, '', 43),
(105, 78, 3, 'SKALPER III', 'db4715_NADA.jpg', '<p><span>"En Construcci&oacute;n"</span></p>', '', '0000-00-00 00:00:00', '2013-10-11 10:33:00', 1, '', 43),
(106, 78, 3, 'MINI SKALPER', '618cb6_NADA.jpg', '<p><span>"En Construcci&oacute;n"</span></p>', '', '0000-00-00 00:00:00', '2013-10-11 10:33:05', 1, '', 43),
(107, 79, 3, 'Caja de Lavado', 'e0fd9b_NADA.jpg', '<p><span>"En Construcci&oacute;n"</span></p>', '', '0000-00-00 00:00:00', '2013-10-11 10:34:58', 1, '', 43),
(108, 79, 3, 'Chevron', '4aff2e_NADA.jpg', '<p><span>"En Construcci&oacute;n"</span></p>', '', '0000-00-00 00:00:00', '2013-10-11 10:35:04', 1, '', 43),
(109, 79, 3, 'Limpiador en V', '00c6ca_NADA.jpg', '<p><span>"En Construcci&oacute;n"</span></p>', '', '0000-00-00 00:00:00', '2013-10-11 10:35:10', 1, '', 43),
(110, 79, 3, 'V-Plow', '571e5a_NADA.jpg', '<p><span>"En Construcci&oacute;n"</span></p>', '', '0000-00-00 00:00:00', '2013-10-11 10:35:16', 1, '', 43),
(111, 79, 3, 'Limpiador diagonal', '54c654_NADA.jpg', '<p><span>"En Construcci&oacute;n"</span></p>', '', '0000-00-00 00:00:00', '2013-10-11 10:35:21', 1, '', 43),
(112, 0, 1, 'Carretillas', '43a957_CARRETILLA.png', '', '', '0000-00-00 00:00:00', '2013-10-01 13:30:18', 1, '', 0),
(113, 112, 2, 'Movitech', '6d9819_MOVITECH.png', '', '', '0000-00-00 00:00:00', '2013-10-14 17:46:24', 1, '', 0),
(114, 16, 1, 'Sistema Festoon', '', '', '', '0000-00-00 00:00:00', '2013-10-11 10:53:44', 1, '', 0),
(115, 16, 1, 'Sistema Barra Dura', '', '', '', '0000-00-00 00:00:00', '2013-10-11 10:53:54', 1, '', 0),
(116, 16, 1, 'Enrollador de Cable', '', '', '', '0000-00-00 00:00:00', '2013-10-11 10:54:23', 1, '', 0),
(120, 114, 1, 'Barra Cuadrada', '', '', '', '0000-00-00 00:00:00', '2013-10-11 11:00:29', 1, '', 0),
(121, 114, 1, 'C Track', '', '', '', '0000-00-00 00:00:00', '2013-10-11 11:00:40', 1, '', 0),
(122, 115, 1, 'Bar 8', '', '', '', '0000-00-00 00:00:00', '2013-10-11 11:01:02', 1, '', 0),
(123, 115, 1, 'Heavy Bar', '', '', '', '0000-00-00 00:00:00', '2013-10-11 11:01:13', 1, '', 0),
(124, 115, 1, 'Safelec', '', '', '', '0000-00-00 00:00:00', '2013-10-11 11:01:24', 1, '', 0),
(125, 116, 1, 'Con Resorte', '', '', '', '0000-00-00 00:00:00', '2013-10-11 11:03:02', 1, '', 0),
(126, 116, 1, 'Motorizados', '', '', '', '0000-00-00 00:00:00', '2013-10-11 11:03:12', 1, '', 0),
(129, 119, 1, 'Autoportante', '', '', '', '0000-00-00 00:00:00', '2013-10-11 11:26:43', 1, '', 0),
(130, 16, 1, 'Controles de Mando', '', '', '', '0000-00-00 00:00:00', '2013-10-11 11:34:53', 1, '', 0),
(131, 16, 1, 'Cables Eléctricos', '', '', '', '0000-00-00 00:00:00', '2013-10-11 11:35:04', 1, '', 0),
(132, 130, 1, 'Botoneras', '', '', '', '0000-00-00 00:00:00', '2013-10-11 11:36:08', 1, '', 0),
(133, 130, 1, 'Radio Control', '', '', '', '0000-00-00 00:00:00', '2013-10-11 11:36:15', 1, '', 0),
(134, 131, 1, 'Autoportante para Botoneras', '', '', '', '0000-00-00 00:00:00', '2013-10-11 11:37:06', 1, '', 0),
(135, 131, 1, 'Planos para Sist. Festoon', '', '', '', '0000-00-00 00:00:00', '2013-10-11 11:37:22', 1, '', 0),
(136, 24, 1, 'Antipolución', '', '', '', '0000-00-00 00:00:00', '2013-10-11 11:39:54', 1, '', 0),
(137, 112, 1, 'Hidráulicas', '', '', '', '0000-00-00 00:00:00', '2013-10-11 11:40:07', 1, '', 0);

-- --------------------------------------------------------

--
-- Estructura de tabla para la tabla `product_category`
--

CREATE TABLE IF NOT EXISTS `product_category` (
  `id` int(11) NOT NULL AUTO_INCREMENT,
  `parent_id` int(11) NOT NULL,
  `clase` char(1) NOT NULL,
  `name` varchar(255) NOT NULL,
  `image` varchar(255) NOT NULL,
  `content` text NOT NULL,
  `file` varchar(255) NOT NULL,
  `created` datetime NOT NULL,
  `updated` timestamp NOT NULL DEFAULT CURRENT_TIMESTAMP ON UPDATE CURRENT_TIMESTAMP,
  `status` int(11) NOT NULL,
  PRIMARY KEY (`id`)
) ENGINE=InnoDB  DEFAULT CHARSET=utf8 AUTO_INCREMENT=18 ;

--
-- Volcado de datos para la tabla `product_category`
--

INSERT INTO `product_category` (`id`, `parent_id`, `clase`, `name`, `image`, `content`, `file`, `created`, `updated`, `status`) VALUES
(2, 0, 'c', 'Yale', '_yale.png', '', '', '0000-00-00 00:00:00', '2013-08-17 05:32:56', 0),
(3, 0, 'c', 'Fenner Dunlop', '_fenner_dunlop.png', '', '', '0000-00-00 00:00:00', '2013-08-17 05:32:56', 0),
(4, 0, 'c', 'ASGCO', '_asgco.png', '', '', '0000-00-00 00:00:00', '2013-08-17 05:32:56', 0),
(5, 0, 'c', 'Conductix', '_conductix.png', '', '', '0000-00-00 00:00:00', '2013-08-17 05:32:56', 0),
(6, 0, 'c', 'Street', '_street.png', '', '', '0000-00-00 00:00:00', '2013-08-17 05:32:56', 0),
(7, 0, 'c', 'Movitech', '_movitech.png', '', '', '0000-00-00 00:00:00', '2013-08-17 05:32:56', 0),
(8, 0, 'c', 'Vetter', '_vetter.png', '', '', '0000-00-00 00:00:00', '2013-08-17 05:32:56', 0),
(9, 0, 'c', 'Cimbria', '_cimbria.png', '', '', '0000-00-00 00:00:00', '2013-08-17 05:32:56', 0),
(10, 2, 'c', 'Polipastos Manuales', 'poli-ejem.png', '<h4>Fijas</h4>\r\n                                                    <ul>\r\n                                                        <li>Chancandoras Fijas: trituradoras de mandíbulas</li>\r\n                                                    </ul>', '', '0000-00-00 00:00:00', '2013-08-17 05:32:56', 0),
(11, 2, 'c', 'Polipastos Eléctricos', 'poli-ejem.png', '<h4>Fijas</h4>\r\n                                                    <ul>\r\n                                                        <li>Chancandoras Fijas: trituradoras de mandíbulas</li>\r\n                                                    </ul>', '', '0000-00-00 00:00:00', '2013-08-17 05:32:56', 0),
(12, 3, 'c', 'Fajas Transportadoras', 'poli-ejem.png', '<h4>Fijas</h4>\r\n                                                    <ul>\r\n                                                        <li>Chancandoras Fijas: trituradoras de mandíbulas</li>\r\n                                                    </ul>', '', '0000-00-00 00:00:00', '2013-08-17 05:32:56', 0),
(13, 4, 'c', 'Accesorios de Fajas Transportadoras', 'poli-ejem.png', '<h4>Fijas</h4>\r\n                                                    <ul>\r\n                                                        <li>Chancandoras Fijas: trituradoras de mandíbulas</li>\r\n                                                    </ul>', '', '0000-00-00 00:00:00', '2013-08-17 05:32:56', 0),
(14, 5, 'c', 'Sistema Festoon', 'poli-ejem.png', '<h4>Fijas</h4>\r\n                                                    <ul>\r\n                                                        <li>Chancandoras Fijas: trituradoras de mandíbulas</li>\r\n                                                    </ul>', '', '0000-00-00 00:00:00', '2013-08-17 05:32:56', 0),
(15, 5, 'c', 'Sistema Barra Dura', 'poli-ejem.png', '<h4>Fijas</h4>\r\n                                                    <ul>\r\n                                                        <li>Chancandoras Fijas: trituradoras de mandíbulas</li>\r\n                                                    </ul>', '', '0000-00-00 00:00:00', '2013-08-17 05:32:56', 0),
(16, 10, 'p', 'Magnis Magnis', '_polipasto.jpg', '<ul>\r\n                                                            <li>Capacidades de 750 – 6000 kg.</li>\r\n                                                            <li>Los ganchos superior e inferior se fabrican en acero especial, forjado y bonificado. En caso de sobrecarga se abren sin rotura.</li>\r\n                                                            <li>Las cadenas de eslabones se fabrican en acero bonificado con superficie galvanizada. Cumplen las normas nacionales e internacionales actualmente en vigor.</li>\r\n                                                            <li>Guía de cadena integrada en la carcasa para el recorrido preciso de la cadena sobre la nuez.</li>\r\n                                                            <li>Tope robusto</li>\r\n                                                            <li>Dispositivo de punto neutro para posicionar y pretensar rápidamente la cadena en ambas direcciones.</li>\r\n                                                            <li>Palanca corta con empuñadura de goma.</li>\r\n                                                            <li>Rueda de mano protegida contra la corrosión con cromado duro</li>\r\n                                                            <li>Freno de carga resistente a la corrosión y discos de fricción sin asbesto.</li>\r\n                                                            <li>Gancho de carga con pasteca robusta gracias a sus ejes encapsulados.</li>\r\n                                                            <li>Accionamiento fácil y sin esfuerzo de la palanca.</li>\r\n                                                        </ul>', 'file.pdf', '0000-00-00 00:00:00', '2013-08-17 05:35:30', 0),
(17, 10, 'p', 'Magnis Magnis', '_polipasto.jpg', '<ul>\r\n                                                            <li>Capacidades de 750 – 6000 kg.</li>\r\n                                                            <li>Los ganchos superior e inferior se fabrican en acero especial, forjado y bonificado. En caso de sobrecarga se abren sin rotura.</li>\r\n                                                            <li>Las cadenas de eslabones se fabrican en acero bonificado con superficie galvanizada. Cumplen las normas nacionales e internacionales actualmente en vigor.</li>\r\n                                                            <li>Guía de cadena integrada en la carcasa para el recorrido preciso de la cadena sobre la nuez.</li>\r\n                                                            <li>Tope robusto</li>\r\n                                                            <li>Dispositivo de punto neutro para posicionar y pretensar rápidamente la cadena en ambas direcciones.</li>\r\n                                                            <li>Palanca corta con empuñadura de goma.</li>\r\n                                                            <li>Rueda de mano protegida contra la corrosión con cromado duro</li>\r\n                                                            <li>Freno de carga resistente a la corrosión y discos de fricción sin asbesto.</li>\r\n                                                            <li>Gancho de carga con pasteca robusta gracias a sus ejes encapsulados.</li>\r\n                                                            <li>Accionamiento fácil y sin esfuerzo de la palanca.</li>\r\n                                                        </ul>', 'file.pdf', '0000-00-00 00:00:00', '2013-08-17 05:35:30', 0);
