-- phpMyAdmin SQL Dump
-- version 3.5.1
-- http://www.phpmyadmin.net
--
-- Servidor: localhost
-- Tiempo de generación: 15-08-2013 a las 05:31:33
-- Versión del servidor: 5.5.24-log
-- Versión de PHP: 5.3.13

SET SQL_MODE="NO_AUTO_VALUE_ON_ZERO";
SET time_zone = "+00:00";


/*!40101 SET @OLD_CHARACTER_SET_CLIENT=@@CHARACTER_SET_CLIENT */;
/*!40101 SET @OLD_CHARACTER_SET_RESULTS=@@CHARACTER_SET_RESULTS */;
/*!40101 SET @OLD_COLLATION_CONNECTION=@@COLLATION_CONNECTION */;
/*!40101 SET NAMES utf8 */;

--
-- Base de datos: `movitecnica`
--

-- --------------------------------------------------------

--
-- Estructura de tabla para la tabla `category`
--

CREATE TABLE IF NOT EXISTS `category` (
  `id` int(11) NOT NULL AUTO_INCREMENT,
  `name` varchar(255) NOT NULL,
  `parent_id` int(11) NOT NULL,
  `created` datetime NOT NULL,
  `updated` timestamp NOT NULL DEFAULT CURRENT_TIMESTAMP ON UPDATE CURRENT_TIMESTAMP,
  `status` char(1) NOT NULL,
  PRIMARY KEY (`id`)
) ENGINE=MyISAM  DEFAULT CHARSET=utf8 AUTO_INCREMENT=29 ;

--
-- Volcado de datos para la tabla `category`
--

INSERT INTO `category` (`id`, `name`, `parent_id`, `created`, `updated`, `status`) VALUES
(1, 'inicio', 0, '2013-07-09 09:14:23', '2013-07-09 17:13:31', '1'),
(2, 'Conòcenos', 1, '2013-07-09 09:14:23', '2013-07-09 14:14:42', '1'),
(3, 'Mensaje del Gerente', 2, '2013-07-09 09:14:23', '2013-07-09 14:14:42', '1'),
(4, 'Misiòn y Vision', 2, '2013-07-09 09:14:23', '2013-07-09 14:14:42', '1'),
(5, 'Valores', 2, '2013-07-09 09:14:23', '2013-07-09 14:14:42', '1'),
(6, 'Equipo de Trabjado', 2, '2013-07-09 09:14:23', '2013-07-09 14:14:42', '1'),
(7, 'trabajador', 6, '2013-07-09 09:14:23', '2013-07-09 14:14:42', '1'),
(8, 'Que Hacemos', 1, '2013-07-09 09:14:23', '2013-07-09 14:14:42', '1'),
(9, 'Unidad de Grúas y Proyectos', 8, '2013-07-09 09:14:23', '2013-07-09 14:14:42', '1'),
(10, 'Últimos Proyectos', 9, '2013-07-09 09:14:23', '2013-07-09 14:14:42', '1'),
(11, 'Proyecto', 10, '2013-07-09 09:14:23', '2013-07-09 14:14:42', '1'),
(12, 'Unidad de Fajas Transportadoras', 1, '2013-07-09 09:14:23', '2013-07-09 14:14:42', '1'),
(13, 'Servicio de Empalme de Fajas', 12, '2013-07-09 09:14:23', '2013-07-09 14:14:42', '1'),
(14, 'Unidad de Servicio Técnico', 8, '2013-07-09 09:14:23', '2013-07-09 14:14:42', '1'),
(15, 'Últimos Servicios', 14, '2013-07-09 09:14:23', '2013-07-09 14:14:42', '1'),
(16, 'Servicio', 15, '2013-07-09 09:14:23', '2013-07-09 14:14:42', '1'),
(17, 'Unidad Comercial', 8, '2013-07-09 09:14:23', '2013-07-09 14:14:42', '1'),
(18, 'SIG', 1, '2013-07-09 09:14:23', '2013-07-09 14:14:42', '1'),
(19, 'Polìtica', 18, '2013-07-09 09:14:23', '2013-07-09 14:14:42', '1'),
(20, 'Garantia', 18, '2013-07-09 09:14:23', '2013-07-09 14:14:42', '1'),
(21, 'Reclamos', 18, '2013-07-09 09:14:23', '2013-07-09 14:14:42', '1'),
(22, 'Trabaje con Nosotros', 1, '2013-07-09 09:14:23', '2013-07-09 14:14:42', '1'),
(23, 'Porqué Movitécnica', 22, '2013-07-09 09:14:23', '2013-07-09 14:14:42', '1'),
(24, 'Testimonios', 22, '2013-07-09 09:14:23', '2013-07-09 14:14:42', '1'),
(25, 'testimonio', 24, '2013-07-09 09:14:23', '2013-07-09 14:14:42', '1'),
(26, 'Ofertas De Trabajo', 22, '2013-07-09 09:14:23', '2013-07-09 14:14:42', '1'),
(27, 'media', 1, '2013-07-09 09:14:23', '2013-07-09 14:14:42', '1'),
(28, 'Noticia', 27, '2013-07-09 09:14:23', '2013-07-09 14:14:42', '1');

-- --------------------------------------------------------

--
-- Estructura de tabla para la tabla `configuration`
--

CREATE TABLE IF NOT EXISTS `configuration` (
  `name` varchar(255) NOT NULL,
  `username` varchar(255) NOT NULL,
  `password` varchar(255) NOT NULL,
  `email` varchar(255) NOT NULL,
  `logo` varchar(255) NOT NULL,
  `favicon` varchar(255) NOT NULL,
  `contact_email` varchar(255) NOT NULL,
  `address1` varchar(255) NOT NULL,
  `address2` varchar(255) NOT NULL,
  `phone1` varchar(255) NOT NULL,
  `phone2` varchar(255) NOT NULL,
  `fax` varchar(255) NOT NULL,
  `title` varchar(255) NOT NULL,
  `description` varchar(255) NOT NULL,
  `keywords` varchar(255) NOT NULL,
  `google` varchar(255) NOT NULL,
  `facebook` varchar(255) NOT NULL,
  `twitter` varchar(255) NOT NULL,
  `linkedin` varchar(255) NOT NULL,
  `skype` varchar(255) NOT NULL,
  `youtube` varchar(255) NOT NULL
) ENGINE=MyISAM DEFAULT CHARSET=utf8;

--
-- Volcado de datos para la tabla `configuration`
--

INSERT INTO `configuration` (`name`, `username`, `password`, `email`, `logo`, `favicon`, `contact_email`, `address1`, `address2`, `phone1`, `phone2`, `fax`, `title`, `description`, `keywords`, `google`, `facebook`, `twitter`, `linkedin`, `skype`, `youtube`) VALUES
('andres', 'admin', '12345', 'andresgarciadev@gmail.com', '', '', '', '', '', '', '', '', '', '', '', '', '', '', '', '', '');

-- --------------------------------------------------------

--
-- Estructura de tabla para la tabla `contact`
--

CREATE TABLE IF NOT EXISTS `contact` (
  `id` int(11) NOT NULL AUTO_INCREMENT,
  `category_id` int(11) NOT NULL,
  `name` varchar(255) NOT NULL,
  `email` varchar(255) NOT NULL,
  `address1` varchar(255) NOT NULL,
  `address2` varchar(255) NOT NULL,
  `phone1` varchar(255) NOT NULL,
  `phone2` varchar(255) NOT NULL,
  `created` datetime NOT NULL,
  `updated` timestamp NOT NULL DEFAULT CURRENT_TIMESTAMP ON UPDATE CURRENT_TIMESTAMP,
  `status` char(1) NOT NULL,
  PRIMARY KEY (`id`)
) ENGINE=MyISAM DEFAULT CHARSET=utf8 AUTO_INCREMENT=1 ;

-- --------------------------------------------------------

--
-- Estructura de tabla para la tabla `content`
--

CREATE TABLE IF NOT EXISTS `content` (
  `id` int(11) NOT NULL AUTO_INCREMENT,
  `category_id` int(11) NOT NULL,
  `name` varchar(255) NOT NULL,
  `image` varchar(255) NOT NULL,
  `description` varchar(255) NOT NULL,
  `content` text NOT NULL,
  `overlap` varchar(255) NOT NULL,
  `created` datetime NOT NULL,
  `updated` timestamp NOT NULL DEFAULT CURRENT_TIMESTAMP ON UPDATE CURRENT_TIMESTAMP,
  `status` char(1) NOT NULL,
  PRIMARY KEY (`id`)
) ENGINE=MyISAM  DEFAULT CHARSET=utf8 AUTO_INCREMENT=32 ;

--
-- Volcado de datos para la tabla `content`
--

INSERT INTO `content` (`id`, `category_id`, `name`, `image`, `description`, `content`, `overlap`, `created`, `updated`, `status`) VALUES
(1, 1, 'Inicio', '1.jpg', 'PageMaker, el cual incluye versiones de Lorem Ipsum', '', '', '0000-00-00 00:00:00', '2013-08-02 17:47:27', '1'),
(2, 1, 'Conócenos', 'Conocenos.png', 'PageMaker, el cual incluye versiones de Lorem Ipsum', '<div style="border-bottom: 1px solid #D7D7D7; width: 100%;">\r\n                                Somos una empresa peruana con más de 30 años en el mercado, líderes en el negocio de izaje en el Perú, contamos con profesionales altamente calificados para ofrecer la mejor calidad, atención y apoyo en todos los servicios. Proveemos  la ingeniería, los equipos, el servicio técnico, el montaje y la puesta en marcha del proyecto. Nuestra experiencia y solidez han contribuido a que contemos con una cobertura a nivel nacional, haciendo así que marcas de prestigio a nivel mundial, tales como Yale Hoist, Street, Dunlop, ASGCO, Conductix, Kühnezug,  Vetter y Cimbria,  nos confíen la distribución exclusiva de sus productos.\r\n                                <br /><br />\r\n                                <div class="listita">\r\n                                    <ul style="margin-bottom: 10px;"><div style="margin-bottom: 5px;"><b>Categorías:</b></div>\r\n                                        <li>Izaje</li>\r\n                                        <li>Accesorios de izaje.</li>\r\n                                        <li>Fajas transportadoras.</li>\r\n                                        <li>Accesorios de fajas.</li>\r\n                                        <li>Sistemas de electrificación.</li>\r\n                                        <li>Grúas.</li>\r\n                                        <li>Puentes Grúa.</li>\r\n                                        <li>Chutes antipolución.</li>\r\n                                    </ul>\r\n                                </div>\r\n                                <br />\r\n\r\n                                Nuestro servicio técnico certificado por nuestros proveedores, garantiza el mejor servicio post venta del mercado.\r\n                                <br /><br />\r\n                                <img src="../userfiles/logos_marcas.png">\r\n                                <br /><br />\r\n                            </div>\r\n                            <br />\r\n                            <!--                        <h3><b>Historia</b></h3>\r\n                                                    <div id="mobanner-container">\r\n                                                        <div id="mobanner_arrow_left"></div>\r\n                                                        <div id="mobanner-content">\r\n                                                            <img id="mobanner" src="../userfiles/linea-de-tiempo.png"/>\r\n                                                        </div>\r\n                                                        <div id="mobanner_arrow_right"></div>\r\n                                                    </div>\r\n                                                    <div id="div_linea_tiempo">\r\n                                                        \r\n                                                    </div>-->\r\n                            <br />', '', '0000-00-00 00:00:00', '2013-08-06 02:24:11', '1'),
(3, 2, 'Mensaje del Gerente', 'CEO.png', 'PageMaker, el cual incluye versiones de Lorem Ipsum', '<span>\n                        Somos una empresa peruana con mas de 30 años en el mercado Que con cuatro lineas de negocio: unidad de gruas, unidad de fajas tranportadoras, tiendas y servicio tecnico. representamos a marcas de prestigio mundial como YALE INDUSTRAL PRODUCTS para la linea de iaje FENNER DUNLOP para la linea de fajas transportadoras, CONDUCTIX para sistema de electrificacion, ASGCO para accesorios de fajas transportadoras y DUNLOP para fajas en V. Nuestras mayores fortalezas son nuestro personal altamente calificado y el respaldo de nuestros proveedores.\n                    </span><br />\n                    <br />', '', '0000-00-00 00:00:00', '2013-07-25 23:52:22', '1'),
(4, 2, 'Misión y Visión', 'mision_y_vision.png', 'PageMaker, el cual incluye versiones de Lorem Ipsum', '<span>\r\n                            <h3><b>Misión</b></h3>\r\n                            Ayudar a nuestros clientes a mover, levantar, posicionar y asegurar todo tipo de material de una manera fácil y segura.<br /><br />\r\n\r\n                            <h3><b>Visión</b></h3>\r\n                            Ser líderes de la región sudamericana, como empresa Que brinda soluciones integrales de ingeniería a todos los sectores productivos.<br />\r\n                        </span><br />\r\n                        <br />', '', '0000-00-00 00:00:00', '2013-07-25 23:52:58', '1'),
(5, 2, 'Valores', 'Valores.png', 'PageMaker, el cual incluye versiones de Lorem Ipsum', '<span>\r\n                            <h3><b>Juego Limpio</b></h3>\r\n                            Es el comportamiento leal, honesto y fraterno hacia la competencia, los clientes, nuestros colaboradores, el Estado y la sociedad; siendo respetuosos de las reglas de juego y el correcto manejo de los clientes. <br /><br />\r\n\r\n                            <h3><b>Trabajamos y Ganamos en Equipo</b></h3>\r\n                            Surge de desarrollar y compartir nuestros conocimientos dentro de la organización. Fomentamos la integración donde los objetivos de la empresa son sentidos como propios por todos los colaboradores. <br /><br />\r\n\r\n                            <h3><b>Pasión por lo Que Hacemos</b></h3>\r\n                            Es nuestro entusiasmo y la satisfacción por la tarea Que se realiza Que nos impulsa a desarrollar nuestro máximo potencial.<br /><br />\r\n\r\n                            <h3><b>Formación de Talentos</b></h3>\r\n                            Es nuestro interés genuino por fomentar la formación y el desarrollo de los miembros del equipo Movitécnica a partir del análisis de sus necesidades y de la exposición a situaciones Que faciliten su crecimiento.<br />\r\n                        </span><br />\r\n                        <br />', '', '0000-00-00 00:00:00', '2013-07-25 23:52:47', '1'),
(7, 1, 'Que Hacemos', 'que_hacemos.png', 'PageMaker, el cual incluye versiones de Lorem Ipsum', '<br />\r\n                <br />', '', '0000-00-00 00:00:00', '2013-07-26 01:50:14', '1'),
(25, 1, 'Productos', 'gruas_y_proyectos.png', '', '', '', '0000-00-00 00:00:00', '2013-08-05 14:55:08', ''),
(26, 25, 'Categoria', '', '', '', '', '0000-00-00 00:00:00', '2013-08-05 14:55:42', ''),
(27, 25, 'Marca', '', '', '', '', '0000-00-00 00:00:00', '2013-08-05 14:55:42', ''),
(28, 1, 'Media', '', '', '<span>Encontrará una lista actualizada de los comunicados y anuncios por debajo de noticias de Movitécnica</span><br /><br />', '', '0000-00-00 00:00:00', '2013-08-05 15:07:57', ''),
(29, 28, 'Noticias', '', '', '', '', '0000-00-00 00:00:00', '2013-08-05 15:09:01', ''),
(30, 28, 'Notas de Prensa', '', '', '', '', '0000-00-00 00:00:00', '2013-08-05 15:09:01', ''),
(31, 1, 'Contáctenos', '', 'Con múltiples lugares de toda América del Norte, nuestras oficinas están ubicadas estratégicamente para garantizar que podemos atender a nuestros clientes allí donde nos necesiten', '<div>\r\n                                <b>Enviar a nuestro email</b><br />\r\n                                <a href="Movitécnica@Movitécnica.com">Movitécnica@Movitécnica.com</a>\r\n                            </div><br />\r\n                            Para enviar su hoja de vida, por favor haga clic aquí. Usted recibirá un email de confirmación a la recepción<br /><br />\r\n                            <b>Danos una llamada</b><br />\r\n                            1-345-546-4356<br />\r\n                            Lunes a Viernes, de 8 a 5, PST<br /><br /><br />\r\n                            <div style="width: 40%; margin-right: 9%; display: inline-block; vertical-align: top; margin-bottom: 5%;">\r\n                                <h4>Movitécnica  Office</h4>\r\n                                Movitécnica <br />\r\n                                2013 PG Pulpmill Road, PO Box 968<br />\r\n                                Movitécnica, BC  V2L 4V1<br />\r\n                                T: 324-319-1364<br />\r\n                                F: 656-665-3490<br />\r\n                            </div>\r\n                            <div style="width: 40%; margin-right: 9%; display: inline-block; vertical-align: top; margin-bottom: 5%;">\r\n                                <h4>Movitécnica  Office</h4>\r\n                                Movitécnica <br />\r\n                                2013 PG Pulpmill Road, PO Box 968<br />\r\n                                Movitécnica, BC  V2L 4V1<br />\r\n                                T: 324-319-1364<br />\r\n                                F: 656-665-3490<br />\r\n                            </div>', '', '0000-00-00 00:00:00', '2013-08-12 15:39:10', ''),
(8, 7, 'Unidad de Grúas y Proyectos', 'gruas_y_proyectos.png', 'Somos una empresa peruana con mas de 30 años en el mercado Que con cuatro lineas de negocio: unidad de gruas, unidad de fajas tranportadoras, tiendas y servicio tecnico.', '<div>\r\n                                Somos una empresa peruana con mas de 30 años en el mercado Que con cuatro lineas de negocio: unidad de gruas, unidad de fajas tranportadoras, tiendas y servicio tecnico. representamos a marcas de prestigio mundial como YALE INDUSTRAL PRODUCTS para la linea de iaje FENNER DUNLOP para la linea de fajas transportadoras, CONDUCTIX para sistema de electrificacion, ASGCO para accesorios de fajas transportadoras y DUNLOP para fajas en V. Nuestras mayores fortalezas son nuestro personal altamente calificado y el respaldo de nuestros proveedores.\r\n                                <br /><br />\r\n                            </div> \r\n                            <div>\r\n                                <div class="image_carousel">\r\n                                    <div id="foo1">\r\n                                        <a rel="fancybox" href="../userfiles/uni1.jpg">\r\n                                            <img src="../userfiles/uni1.jpg" alt="basketball"  />\r\n                                        </a>\r\n                                        <a rel="fancybox" href="../userfiles/uni2.jpg">\r\n                                            <img src="../userfiles/uni2.jpg" alt="beachtree"  />\r\n                                        </a>\r\n                                        <a rel="fancybox" href="../userfiles/uni3.jpg">\r\n                                            <img src="../userfiles/uni3.jpg" alt="cupcackes"  />\r\n                                        </a>\r\n                                        <a rel="fancybox" href="../userfiles/uni1.jpg">\r\n                                            <img src="../userfiles/uni1.jpg" alt="basketball"  />\r\n                                        </a>\r\n                                    </div>\r\n                                    <div class="clearfix"></div>\r\n                                </div>\r\n                                <br />\r\n                                <a href="ultimos_proyectos.php">Ir a  Últimos Proyectos ></a>\r\n                            </div>', '', '0000-00-00 00:00:00', '2013-08-06 02:31:16', '1'),
(9, 7, 'Unidad de Fajas Transportadoras', 'fajas_transportadoras.png', 'Somos una empresa peruana con mas de 30 años en el mercado Que con cuatro lineas de negocio: unidad de gruas, unidad de fajas tranportadoras, tiendas y servicio tecnico.', '<div>\r\n                                Somos una empresa peruana con mas de 30 años en el mercado Que con cuatro lineas de negocio: unidad de gruas, unidad de fajas tranportadoras, tiendas y servicio tecnico. representamos a marcas de prestigio mundial como YALE INDUSTRAL PRODUCTS para la linea de iaje FENNER DUNLOP para la linea de fajas transportadoras, CONDUCTIX para sistema de electrificacion, ASGCO para accesorios de fajas transportadoras y DUNLOP para fajas en V. Nuestras mayores fortalezas son nuestro personal altamente calificado y el respaldo de nuestros proveedores.\r\n                                <br /><br />\r\n                            </div> \r\n                            <div>\r\n                                <div class="image_carousel">\r\n                                    <div id="foo1">\r\n                                        <a rel="fancybox" href="../userfiles/uni1.jpg">\r\n                                            <img src="../userfiles/uni1.jpg" alt="basketball"  />\r\n                                        </a>\r\n                                        <a rel="fancybox" href="../userfiles/uni2.jpg">\r\n                                            <img src="../userfiles/uni2.jpg" alt="beachtree"  />\r\n                                        </a>\r\n                                        <a rel="fancybox" href="../userfiles/uni3.jpg">\r\n                                            <img src="../userfiles/uni3.jpg" alt="cupcackes"  />\r\n                                        </a>\r\n                                        <a rel="fancybox" href="../userfiles/uni1.jpg">\r\n                                            <img src="../userfiles/uni1.jpg" alt="basketball"  />\r\n                                        </a>\r\n                                    </div>\r\n                                    <div class="clearfix"></div>\r\n                                </div>\r\n                                <br />\r\n                            </div>\r\n                            <div><a href="Servicio_De_Empalme.php"> Ir a Servicio de Empalme de Fajas ></a></div>\r\n                            <br />', '', '0000-00-00 00:00:00', '2013-08-06 02:30:49', '1'),
(10, 9, 'Servicio de Empalme de Fajas', '', 'Somos una empresa peruana con mas de 30 años en el mercado Que con cuatro lineas de negocio: unidad de gruas, unidad de fajas tranportadoras, tiendas y servicio tecnico.', '<div style="display: inline-block;" class="uni_response">\r\n                    \r\n                    <div style="width: 98%;">\r\n                        <span>\r\n                            Es el comportamiento leal, honesto y fraterno hacia la competencia, los clientes, nuestros colaboradores, el Estado y la sociedad; siendo respetuosos de las reglas de juego y el correcto manejo de los clientes. <br />\r\n                            Surge de desarrollar y compartir nuestros conocimientos dentro de la organización. Fomentamos la integración donde los objetivos de la empresa son sentidos como propios por todos los colaboradores. <br />\r\n                            Es nuestro entusiasmo y la satisfacción por la tarea Que se realiza Que nos impulsa a desarrollar nuestro máximo potencial.<br />\r\n                            Es nuestro interés genuino por fomentar la formación y el desarrollo de los miembros del equipo Movitécnica a partir del análisis de sus necesidades y de la exposición a situaciones Que faciliten su crecimiento.<br />\r\n                        </span><br />\r\n                        <br />\r\n                        <div class="image_box" style="height: auto;"><img src="../userfiles/Valores.png"></div>\r\n                        <a href="Unidad_Fajas_Transportadoras.php"> < Regresar a Unidad Fajas Transportadoras</a>\r\n                        <br/><br/>\r\n                    </div>\r\n                </div>', '', '0000-00-00 00:00:00', '2013-08-06 02:13:58', '1'),
(11, 7, 'Unidad de Servicio Técnico', 'Servicio_tecnico.png', 'Somos una empresa peruana con mas de 30 años en el mercado Que con cuatro lineas de negocio: unidad de gruas, unidad de fajas tranportadoras, tiendas y servicio tecnico.', '<div>\r\n                                Somos una empresa peruana con mas de 30 años en el mercado Que con cuatro lineas de negocio: unidad de gruas, unidad de fajas tranportadoras, tiendas y servicio tecnico. representamos a marcas de prestigio mundial como YALE INDUSTRAL PRODUCTS para la linea de iaje FENNER DUNLOP para la linea de fajas transportadoras, CONDUCTIX para sistema de electrificacion, ASGCO para accesorios de fajas transportadoras y DUNLOP para fajas en V. Nuestras mayores fortalezas son nuestro personal altamente calificado y el respaldo de nuestros proveedores.\r\n                                <br /><br />\r\n                            </div> \r\n                            <div>\r\n                                <div class="image_carousel">\r\n                                    <div id="foo1">\r\n                                        <a rel="fancybox" href="../userfiles/uni1.jpg">\r\n                                            <img src="../userfiles/uni1.jpg" alt="basketball"  />\r\n                                        </a>\r\n                                        <a rel="fancybox" href="../userfiles/uni2.jpg">\r\n                                            <img src="../userfiles/uni2.jpg" alt="beachtree"  />\r\n                                        </a>\r\n                                        <a rel="fancybox" href="../userfiles/uni3.jpg">\r\n                                            <img src="../userfiles/uni3.jpg" alt="cupcackes"  />\r\n                                        </a>\r\n                                        <a rel="fancybox" href="../userfiles/uni1.jpg">\r\n                                            <img src="../userfiles/uni1.jpg" alt="basketball"  />\r\n                                        </a>\r\n                                    </div>\r\n                                    <div class="clearfix"></div>\r\n                                </div>\r\n                                <br />\r\n                            </div>\r\n                            <div><a href="Ultimos_Servicios.php">Ir a  Últimos Servicios ></a></div>\r\n                            <br />', '', '0000-00-00 00:00:00', '2013-08-06 02:30:17', '1'),
(12, 7, 'Unidad Comercial', 'unidad_comercial.png', 'Somos una empresa peruana con mas de 30 años en el mercado Que con cuatro lineas de negocio: unidad de gruas, unidad de fajas tranportadoras, tiendas y servicio tecnico.', '<div>\r\n                                Somos una empresa peruana con mas de 30 años en el mercado Que con cuatro lineas de negocio: unidad de gruas, unidad de fajas tranportadoras, tiendas y servicio tecnico. representamos a marcas de prestigio mundial como YALE INDUSTRAL PRODUCTS para la linea de iaje FENNER DUNLOP para la linea de fajas transportadoras, CONDUCTIX para sistema de electrificacion, ASGCO para accesorios de fajas transportadoras y DUNLOP para fajas en V. Nuestras mayores fortalezas son nuestro personal altamente calificado y el respaldo de nuestros proveedores.\r\n                                <br /><br />\r\n                            </div> \r\n                            <div>\r\n                                <div class="image_carousel">\r\n                                    <div id="foo1">\r\n                                        <a rel="fancybox" href="../userfiles/uni1.jpg">\r\n                                            <img src="../userfiles/uni1.jpg" alt="basketball"  />\r\n                                        </a>\r\n                                        <a rel="fancybox" href="../userfiles/uni2.jpg">\r\n                                            <img src="../userfiles/uni2.jpg" alt="beachtree"  />\r\n                                        </a>\r\n                                        <a rel="fancybox" href="../userfiles/uni3.jpg">\r\n                                            <img src="../userfiles/uni3.jpg" alt="cupcackes"  />\r\n                                        </a>\r\n                                        <a rel="fancybox" href="../userfiles/uni1.jpg">\r\n                                            <img src="../userfiles/uni1.jpg" alt="basketball"  />\r\n                                        </a>\r\n                                    </div>\r\n                                    <div class="clearfix"></div>\r\n                                </div>\r\n                                <br />\r\n                            </div>\r\n                            <div><a href="">Ver Productos ></a></div>\r\n                            <br />', '', '0000-00-00 00:00:00', '2013-08-06 02:31:55', '1'),
(20, 2, 'Equipo de trabajo', '', 'PageMaker, el cual incluye versiones de Lorem Ipsum ', '<span>Lorem Ipsum es simplemente el texto de relleno de las imprentas y archivos de texto. Lorem Ipsumha sido<br /> el  texto de rellenoestandar de las industrias desde el año 1500, cuando un impresor(N. del T.)</span><br /><br />', '', '0000-00-00 00:00:00', '2013-08-01 03:00:10', ''),
(21, 17, 'Testimonios', '', 'PageMaker, el cual incluye versiones de Lorem Ipsum ', '<div style="width: 96%; margin: 0 auto;">Somos una empresa peruana con mas de 30 años en el mercado Que con cuatro lineas de negocio : <br /> unidad de gruas, unidad de fajas tranportadoras, tiendas y servicio tecnico. representamos a marcas de prestigio mundial como YALE INDUSTRAL PRODUCTS para la linea de iaje FENNER DUNLOP para la linea de fajas transportadoras, CONDUCTIX para sistema de electrificacion, ASGCO para accesorios de fajas transportadoras y DUNLOP para fajas en V. Nuestras mayores fortalezas son nuestro personal altamente calificado y el respaldo de nuestros proveedores....</div><br />', '', '0000-00-00 00:00:00', '2013-08-05 15:01:13', ''),
(13, 1, 'SIG', 'sig.png', 'PageMaker, el cual incluye versiones de Lorem Ipsum', '<span>Somos una empresa peruana con mas de 30 años en el mercado Que con cuatro lineas de negocio : <br /> unidad de gruas, unidad de fajas tranportadoras, tiendas y servicio tecnico. representamos a marcas de prestigio mundial como YALE INDUSTRAL PRODUCTS para la linea de iaje FENNER DUNLOP para la linea de fajas transportadoras, CONDUCTIX para sistema de electrificacion, ASGCO para accesorios de fajas transportadoras y DUNLOP para fajas en V. Nuestras mayores fortalezas son nuestro personal altamente calificado y el respaldo de nuestros proveedores.</span><br />\r\n                        <br />', '', '0000-00-00 00:00:00', '2013-07-26 00:06:00', '1'),
(14, 13, 'Política', 'CEO.png', 'PageMaker, el cual incluye versiones de Lorem Ipsum', '<span>Somos una empresa peruana con mas de 30 años en el mercado Que con cuatro lineas de negocio: unidad de gruas, unidad de fajas tranportadoras, tiendas y servicio tecnico. representamos a marcas de prestigio mundial como YALE INDUSTRAL PRODUCTS para la linea de iaje FENNER DUNLOP para la linea de fajas transportadoras, CONDUCTIX para sistema de electrificacion, ASGCO para accesorios de fajas transportadoras y DUNLOP para fajas en V. Nuestras mayores fortalezas son nuestro personal altamente calificado y el respaldo de nuestros proveedores.</span><br />\n                    <br />', '', '0000-00-00 00:00:00', '2013-07-26 00:06:04', '1'),
(15, 13, 'Garantía', 'CEO.png', 'PageMaker, el cual incluye versiones de Lorem Ipsum', '<span>Somos una empresa peruana con mas de 30 años en el mercado Que con cuatro lineas de negocio: unidad de gruas, unidad de fajas tranportadoras, tiendas y servicio tecnico. representamos a marcas de prestigio mundial como YALE INDUSTRAL PRODUCTS para la linea de iaje FENNER DUNLOP para la linea de fajas transportadoras, CONDUCTIX para sistema de electrificacion, ASGCO para accesorios de fajas transportadoras y DUNLOP para fajas en V. Nuestras mayores fortalezas son nuestro personal altamente calificado y el respaldo de nuestros proveedores.</span><br />\r\n                    <br />', '', '0000-00-00 00:00:00', '2013-07-26 00:06:10', '1'),
(16, 13, 'Reclamos', 'reclamos.png', 'PageMaker, el cual incluye versiones de Lorem Ipsum', '<span>Somos una empresa peruana con mas de 30 años en el mercado Que con cuatro lineas de negocio: unidad de gruas, unidad de fajas tranportadoras, tiendas y servicio tecnico. representamos a marcas de prestigio mundial como YALE INDUSTRAL PRODUCTS para la linea de iaje FENNER DUNLOP para la linea de fajas transportadoras, CONDUCTIX para sistema de electrificacion, ASGCO para accesorios de fajas transportadoras y DUNLOP para fajas en V. Nuestras mayores fortalezas son nuestro personal altamente calificado y el respaldo de nuestros proveedores.</span><br />\r\n                            <br />\r\n                            <div>\r\n                                <form class="form-horizontal">\r\n                                    <div class="control-group">\r\n                                        <label class="control-label" for="inputname">Nombre</label>\r\n                                        <div class="controls">\r\n                                            <input type="text" id="inputname" placeholder="Nombre" >\r\n                                        </div>\r\n                                    </div>\r\n                                    <div class="control-group">\r\n                                        <label class="control-label" for="inputmail">E-Mail</label>\r\n                                        <div class="controls">\r\n                                            <input type="text" id="inputmail" placeholder="E-Mail">\r\n                                        </div>\r\n                                    </div>\r\n                                    <div class="control-group">\r\n                                        <label class="control-label" for="inputcompany">Compañia</label>\r\n                                        <div class="controls">\r\n                                            <input type="text" id="inputcompany" placeholder="Compañia">\r\n                                        </div>\r\n                                    </div>\r\n                                    <div class="control-group">\r\n                                        <label class="control-label" for="inputclaim">Motivo Reclamo</label>\r\n                                        <div class="controls">\r\n                                            <textarea rows="3" id="inputclaim" ></textarea><br /><br />\r\n                                            <button type="submit" class="btn">Enviar</button>\r\n                                        </div>\r\n                                    </div>\r\n                                </form>\r\n                            </div>', '', '0000-00-00 00:00:00', '2013-07-26 00:06:14', '1'),
(17, 1, 'Trabaje con Nosotros', 'trabaje_con_nosotros.png', 'PageMaker, el cual incluye versiones de Lorem Ipsum', '<span>Somos una empresa peruana con mas de 30 años en el mercado Que con cuatro lineas de negocio : <br /> unidad de gruas, unidad de fajas tranportadoras, tiendas y servicio tecnico. representamos a marcas de prestigio mundial como YALE INDUSTRAL PRODUCTS para la linea de iaje FENNER DUNLOP para la linea de fajas transportadoras, CONDUCTIX para sistema de electrificacion, ASGCO para accesorios de fajas transportadoras y DUNLOP para fajas en V. Nuestras mayores fortalezas son nuestro personal altamente calificado y el respaldo de nuestros proveedores.</span><br />\r\n                        <br />', '', '0000-00-00 00:00:00', '2013-07-26 00:06:21', '1'),
(23, 8, 'Últimos Proyectos', '', '', '<span>Lorem Ipsum es simplemente el texto de relleno de las imprentas y archivos de texto. Lorem Ipsumha sido<br /> el  texto de rellenoestandar de las industrias desde el año 1500, cuando un impresor(N. del T.)</span><br /><br />', '', '0000-00-00 00:00:00', '2013-08-01 03:17:54', ''),
(24, 11, 'Últimos Servicios', '', '', '<span>Lorem Ipsum es simplemente el texto de relleno de las imprentas y archivos de texto. Lorem Ipsumha sido<br /> el  texto de rellenoestandar de las industrias desde el año 1500, cuando un impresor(N. del T.)</span><br /><br />', '', '0000-00-00 00:00:00', '2013-08-01 03:24:50', ''),
(18, 17, 'Porqué Movitécnica', 'Conocenos.png', 'PageMaker, el cual incluye versiones de Lorem Ipsum', '<span>Somos una empresa peruana con mas de 30 años en el mercado Que con cuatro lineas de negocio : <br /> unidad de gruas, unidad de fajas tranportadoras, tiendas y servicio tecnico. representamos a marcas de prestigio mundial como YALE INDUSTRAL PRODUCTS para la linea de iaje FENNER DUNLOP para la linea de fajas transportadoras, CONDUCTIX para sistema de electrificacion, ASGCO para accesorios de fajas transportadoras y DUNLOP para fajas en V. Nuestras mayores fortalezas son nuestro personal altamente calificado y el respaldo de nuestros proveedores.</span><br />\r\n                        <br />\r\n                        <span>\r\n                            \r\n                        <br /><br />', '', '0000-00-00 00:00:00', '2013-08-05 15:01:08', '1'),
(19, 17, 'Oferta De Trabajo', '', 'PageMaker, el cual incluye versiones de Lorem Ipsum', '<div style="border-top: 1px solid #D7D7D7; padding-top: 15px;">\r\n                        <h4>Buscar entre Vacantes Abiertas</h4>\r\n                    <span>Busque en nuestra posición mediante la selección de una ubicación a continuación. Para ver todas las aberturas ordenados por ubicación, seleccione "Todo". Cada descripción del trabajo incluye un enlace para la aplicación y la presentación de su hoja de vida a nosotros en línea. Esta es la forma más rápida y fiable para ser considerado para alguna de nuestras posiciones.</span><br /><br />\r\n                    <span>Contamos con un total de <b>0</b> trabajos abiertos</span><br /><br />\r\n                        <form class="form-horizontal">\r\n                            <div class="control-group">\r\n                                <label class="control-label" for="Buscar">Buscar</label>\r\n                                <div class="controls">\r\n                                    <input type="text" id="buscar" placeholder="Ingrese Lo Que Desee Buscar">\r\n                                </div>\r\n                            </div>\r\n                            <div class="control-group">\r\n                                <label class="control-label" for="Localizacion">Localizacion</label>\r\n                                <div class="controls">\r\n                                    <select multiple="multiple" size="2">\r\n                                        <option>1</option>\r\n                                        <option>2</option>\r\n                                        <option>3</option>\r\n                                        <option>4</option>\r\n                                        <option>5</option>\r\n                                    </select>\r\n                                </div>\r\n                            </div>\r\n                            <div class="control-group">\r\n                                <label class="control-label" for="posicion">Tipo de Posicion</label>\r\n                                <div class="controls">\r\n                                    <select multiple="multiple" size="2">\r\n                                        <option>1</option>\r\n                                        <option>2</option>\r\n                                        <option>3</option>\r\n                                        <option>4</option>\r\n                                        <option>5</option>\r\n                                    </select>\r\n                                </div>\r\n                            </div>\r\n                            <div class="control-group">\r\n                                <label class="control-label" for="departamento">Departamento</label>\r\n                                <div class="controls">\r\n                                    <select multiple="multiple" size="2">\r\n                                        <option>1</option>\r\n                                        <option>2</option>\r\n                                        <option>3</option>\r\n                                        <option>4</option>\r\n                                        <option>5</option>\r\n                                    </select><br /><br />\r\n                                    <button type="submit" class="btn">Buscar</button>\r\n                                </div>\r\n\r\n                            </div>\r\n                        </form>\r\n                    </div>', '', '0000-00-00 00:00:00', '2013-08-05 15:01:04', '1');

-- --------------------------------------------------------

--
-- Estructura de tabla para la tabla `image`
--

CREATE TABLE IF NOT EXISTS `image` (
  `id` int(11) NOT NULL AUTO_INCREMENT,
  `category_id` int(11) NOT NULL,
  `name` varchar(255) NOT NULL,
  `thumbnail` varchar(255) NOT NULL,
  `image` varchar(255) NOT NULL,
  `description` varchar(255) NOT NULL,
  `content` text NOT NULL,
  `extra1` varchar(255) NOT NULL,
  `extra2` varchar(255) NOT NULL,
  `created` datetime NOT NULL,
  `updated` timestamp NOT NULL DEFAULT CURRENT_TIMESTAMP ON UPDATE CURRENT_TIMESTAMP,
  `status` char(1) NOT NULL,
  PRIMARY KEY (`id`)
) ENGINE=MyISAM  DEFAULT CHARSET=utf8 AUTO_INCREMENT=25 ;

--
-- Volcado de datos para la tabla `image`
--

INSERT INTO `image` (`id`, `category_id`, `name`, `thumbnail`, `image`, `description`, `content`, `extra1`, `extra2`, `created`, `updated`, `status`) VALUES
(10, 2, 'Nombre', 'uni3.jpg', 'CEO.png', 'Lorem Ipsum es simplemente el texto de relleno de las imprentas y archivos de texto. Lorem Ipsumha sido el texto de rellenoestandar de las industrias desde el año 1500, cuando un impresor(N. del T.)Lorem Ipsum es simplemente el texto de relleno de las imp', '<div>Somos una empresa peruana con mas de 30 años en el mercado Que con cuatro lineas de negocio: unidad de gruas, unidad de fajas tranportadoras, tiendas y servicio tecnico. representamos a marcas de prestigio mundial como YALE INDUSTRAL PRODUCTS para la linea de iaje FENNER DUNLOP para la linea de fajas transportadoras, CONDUCTIX para sistema de electrificacion, ASGCO para accesorios de fajas transportadoras y DUNLOP para fajas en V. Nuestras mayores fortalezas son nuestro personal altamente calificado y el respaldo de nuestros proveedores.<br /><br /></div>  <div><a href="Ultimos_Proyectos.php"> < Regresar a  Últimos Proyectos</a></div>', 'Cargo', '', '0000-00-00 00:00:00', '2013-08-01 01:34:29', ''),
(5, 1, 'Nombre', 'darb.png', 'CEO.png', 'Lorem Ipsum es simplemente el texto de relleno de las imprentas y archivos de texto. Lorem Ipsumha sido el texto de rellenoestandar de las industrias desde el año 1500, cuando un impresor(N. del T.)Lorem Ipsum es simplemente el texto de relleno de las imp', '<p><span>Somos una empresa peruana con mas de 30 a&ntilde;os en el mercado Que con cuatro lineas de negocio: unidad de gruas, unidad de fajas tranportadoras, tiendas y servicio tecnico. representamos a marcas de prestigio mundial como YALE INDUSTRAL PRODUCTS para la linea de iaje FENNER DUNLOP para la linea de fajas transportadoras, CONDUCTIX para sistema de electrificacion, ASGCO para accesorios de fajas transportadoras y DUNLOP para fajas en V. Nuestras mayores fortalezas son nuestro personal altamente calificado y el respaldo de nuestros proveedores.</span><br /> <br /><a href="equipo_de_trabajo.php"> <strong>&lt;</strong> Regresar a Equipo de Trabajo</a><br /><br /></p>', 'Cargo', '', '0000-00-00 00:00:00', '2013-08-06 17:10:36', ''),
(6, 1, 'Nombre', 'darb.png', 'CEO.png', 'Lorem Ipsum es simplemente el texto de relleno de las imprentas y archivos de texto. Lorem Ipsumha sido el texto de rellenoestandar de las industrias desde el año 1500, cuando un impresor(N. del T.)Lorem Ipsum es simplemente el texto de relleno de las imp', '<span>Somos una empresa peruana con mas de 30 años en el mercado Que con cuatro lineas de negocio: unidad de gruas, unidad de fajas tranportadoras, tiendas y servicio tecnico. representamos a marcas de prestigio mundial como YALE INDUSTRAL PRODUCTS para la linea de iaje FENNER DUNLOP para la linea de fajas transportadoras, CONDUCTIX para sistema de electrificacion, ASGCO para accesorios de fajas transportadoras y DUNLOP para fajas en V. Nuestras mayores fortalezas son nuestro personal altamente calificado y el respaldo de nuestros proveedores.</span><br /> <br /><a href="equipo_de_trabajo.php"> <b><</b> Regresar a Equipo de Trabajo</a><br /><br />', 'Cargo', '', '0000-00-00 00:00:00', '2013-07-30 15:37:14', ''),
(7, 1, 'Nombre', 'darb.png', 'CEO.png', 'Lorem Ipsum es simplemente el texto de relleno de las imprentas y archivos de texto. Lorem Ipsumha sido el texto de rellenoestandar de las industrias desde el año 1500, cuando un impresor(N. del T.)Lorem Ipsum es simplemente el texto de relleno de las imp', '<span>Somos una empresa peruana con mas de 30 años en el mercado Que con cuatro lineas de negocio: unidad de gruas, unidad de fajas tranportadoras, tiendas y servicio tecnico. representamos a marcas de prestigio mundial como YALE INDUSTRAL PRODUCTS para la linea de iaje FENNER DUNLOP para la linea de fajas transportadoras, CONDUCTIX para sistema de electrificacion, ASGCO para accesorios de fajas transportadoras y DUNLOP para fajas en V. Nuestras mayores fortalezas son nuestro personal altamente calificado y el respaldo de nuestros proveedores.</span><br /> <br /><a href="equipo_de_trabajo.php"> <b><</b> Regresar a Equipo de Trabajo</a><br /><br />', 'Cargo', '', '0000-00-00 00:00:00', '2013-07-30 15:37:18', ''),
(8, 2, 'Nombre', 'uni3.jpg', 'CEO.png', 'Lorem Ipsum es simplemente el texto de relleno de las imprentas y archivos de texto. Lorem Ipsumha sido el texto de rellenoestandar de las industrias desde el año 1500, cuando un impresor(N. del T.)Lorem Ipsum es simplemente el texto de relleno de las imp', '<div>Somos una empresa peruana con mas de 30 años en el mercado Que con cuatro lineas de negocio: unidad de gruas, unidad de fajas tranportadoras, tiendas y servicio tecnico. representamos a marcas de prestigio mundial como YALE INDUSTRAL PRODUCTS para la linea de iaje FENNER DUNLOP para la linea de fajas transportadoras, CONDUCTIX para sistema de electrificacion, ASGCO para accesorios de fajas transportadoras y DUNLOP para fajas en V. Nuestras mayores fortalezas son nuestro personal altamente calificado y el respaldo de nuestros proveedores.<br /><br /></div>  <div><a href="Ultimos_Proyectos.php"> < Regresar a  Últimos Proyectos</a></div>', 'Cargo', '', '0000-00-00 00:00:00', '2013-08-01 01:34:29', ''),
(9, 2, 'Nombre', 'uni3.jpg', 'CEO.png', 'Lorem Ipsum es simplemente el texto de relleno de las imprentas y archivos de texto. Lorem Ipsumha sido el texto de rellenoestandar de las industrias desde el año 1500, cuando un impresor(N. del T.)Lorem Ipsum es simplemente el texto de relleno de las imp', '<div>Somos una empresa peruana con mas de 30 años en el mercado Que con cuatro lineas de negocio: unidad de gruas, unidad de fajas tranportadoras, tiendas y servicio tecnico. representamos a marcas de prestigio mundial como YALE INDUSTRAL PRODUCTS para la linea de iaje FENNER DUNLOP para la linea de fajas transportadoras, CONDUCTIX para sistema de electrificacion, ASGCO para accesorios de fajas transportadoras y DUNLOP para fajas en V. Nuestras mayores fortalezas son nuestro personal altamente calificado y el respaldo de nuestros proveedores.<br /><br /></div>  <div><a href="Ultimos_Proyectos.php"> < Regresar a  Últimos Proyectos</a></div>', 'Cargo', '', '0000-00-00 00:00:00', '2013-08-01 01:34:29', ''),
(11, 3, 'Nombre', 'uni3.jpg', 'CEO.png', 'Lorem Ipsum es simplemente el texto de relleno de las imprentas y archivos de texto. Lorem Ipsumha sido el texto de rellenoestandar de las industrias desde el año 1500, cuando un impresor(N. del T.)Lorem Ipsum es simplemente el texto de relleno de las imp', '<div>Somos una empresa peruana con mas de 30 años en el mercado Que con cuatro lineas de negocio: unidad de gruas, unidad de fajas tranportadoras, tiendas y servicio tecnico. representamos a marcas de prestigio mundial como YALE INDUSTRAL PRODUCTS para la linea de iaje FENNER DUNLOP para la linea de fajas transportadoras, CONDUCTIX para sistema de electrificacion, ASGCO para accesorios de fajas transportadoras y DUNLOP para fajas en V. Nuestras mayores fortalezas son nuestro personal altamente calificado y el respaldo de nuestros proveedores.<br /><br /> </div><div><a href="Ultimos_Servicios.php"> < Regresar a  Últimos Servicios</a></div>', 'Cargo', '', '0000-00-00 00:00:00', '2013-08-01 01:35:32', ''),
(12, 3, 'Nombre', 'uni3.jpg', 'CEO.png', 'Lorem Ipsum es simplemente el texto de relleno de las imprentas y archivos de texto. Lorem Ipsumha sido el texto de rellenoestandar de las industrias desde el año 1500, cuando un impresor(N. del T.)Lorem Ipsum es simplemente el texto de relleno de las imp', '<div>Somos una empresa peruana con mas de 30 años en el mercado Que con cuatro lineas de negocio: unidad de gruas, unidad de fajas tranportadoras, tiendas y servicio tecnico. representamos a marcas de prestigio mundial como YALE INDUSTRAL PRODUCTS para la linea de iaje FENNER DUNLOP para la linea de fajas transportadoras, CONDUCTIX para sistema de electrificacion, ASGCO para accesorios de fajas transportadoras y DUNLOP para fajas en V. Nuestras mayores fortalezas son nuestro personal altamente calificado y el respaldo de nuestros proveedores.<br /><br /> </div><div><a href="Ultimos_Servicios.php"> < Regresar a  Últimos Servicios</a></div>', 'Cargo', '', '0000-00-00 00:00:00', '2013-08-01 01:35:32', ''),
(13, 3, 'Nombre', 'uni3.jpg', 'CEO.png', 'Lorem Ipsum es simplemente el texto de relleno de las imprentas y archivos de texto. Lorem Ipsumha sido el texto de rellenoestandar de las industrias desde el año 1500, cuando un impresor(N. del T.)Lorem Ipsum es simplemente el texto de relleno de las imp', '<div>Somos una empresa peruana con mas de 30 años en el mercado Que con cuatro lineas de negocio: unidad de gruas, unidad de fajas tranportadoras, tiendas y servicio tecnico. representamos a marcas de prestigio mundial como YALE INDUSTRAL PRODUCTS para la linea de iaje FENNER DUNLOP para la linea de fajas transportadoras, CONDUCTIX para sistema de electrificacion, ASGCO para accesorios de fajas transportadoras y DUNLOP para fajas en V. Nuestras mayores fortalezas son nuestro personal altamente calificado y el respaldo de nuestros proveedores.<br /><br /> </div><div><a href="Ultimos_Servicios.php"> < Regresar a  Últimos Servicios</a></div>', 'Cargo', '', '0000-00-00 00:00:00', '2013-08-01 01:35:32', ''),
(14, 4, 'Nombre', 'testimonios.jpg', 'darb.png', 'Somos una empresa peruana con mas de 30 años en el mercado Que con cuatro lineas de negocio unidad de gruas, unida.....', '<span>Somos una empresa peruana con mas de 30 años en el mercado Que con cuatro lineas de negocio : <br /> unidad de gruas, unidad de fajas tranportadoras, tiendas y servicio tecnico. representamos a marcas de prestigio mundial como YALE INDUSTRAL PRODUCTS para la linea de iaje FENNER DUNLOP para la linea de fajas transportadoras, CONDUCTIX para sistema de electrificacion, ASGCO para accesorios de fajas transportadoras y DUNLOP para fajas en V. Nuestras mayores fortalezas son nuestro personal altamente calificado y el respaldo de nuestros proveedores.</span><br />', 'Cargo', '', '0000-00-00 00:00:00', '2013-08-01 04:03:43', ''),
(15, 4, 'Nombre', 'testimonios.jpg', 'darb.png', 'Somos una empresa peruana con mas de 30 años en el mercado Que con cuatro lineas de negocio unidad de gruas, unida.....', '<span>Somos una empresa peruana con mas de 30 años en el mercado Que con cuatro lineas de negocio : <br /> unidad de gruas, unidad de fajas tranportadoras, tiendas y servicio tecnico. representamos a marcas de prestigio mundial como YALE INDUSTRAL PRODUCTS para la linea de iaje FENNER DUNLOP para la linea de fajas transportadoras, CONDUCTIX para sistema de electrificacion, ASGCO para accesorios de fajas transportadoras y DUNLOP para fajas en V. Nuestras mayores fortalezas son nuestro personal altamente calificado y el respaldo de nuestros proveedores.</span><br />', 'Cargo', '', '0000-00-00 00:00:00', '2013-08-01 04:04:13', ''),
(16, 4, 'Nombre', 'testimonios.jpg', 'darb.png', 'Somos una empresa peruana con mas de 30 años en el mercado Que con cuatro lineas de negocio unidad de gruas, unida.....', '<span>Somos una empresa peruana con mas de 30 años en el mercado Que con cuatro lineas de negocio : <br /> unidad de gruas, unidad de fajas tranportadoras, tiendas y servicio tecnico. representamos a marcas de prestigio mundial como YALE INDUSTRAL PRODUCTS para la linea de iaje FENNER DUNLOP para la linea de fajas transportadoras, CONDUCTIX para sistema de electrificacion, ASGCO para accesorios de fajas transportadoras y DUNLOP para fajas en V. Nuestras mayores fortalezas son nuestro personal altamente calificado y el respaldo de nuestros proveedores.</span><br />', 'Cargo', '', '0000-00-00 00:00:00', '2013-08-01 04:04:17', ''),
(17, 5, 'Nombre', 'uni3.jpg', 'darb.png', 'Lorem Ipsum es simplemente el texto de relleno de las imprentas y archivos de texto. Lorem Ipsumha sido el texto de rellenoestandar de las industrias desde el año 1500, cuando un impresor(N. del T.)Lorem Ipsum es simplemente el texto de relleno de las imp', '<div style="width: 100%; min-width: 300px;"><span>Somos una empresa peruana con mas de 30 años en el mercado Que con cuatro lineas de negocio : <br /> unidad de gruas, unidad de fajas tranportadoras, tiendas y servicio tecnico. </span><br /></div><br /><div style="min-width: 250px; width: 70%; margin-right: 10px;"><img src="../userfiles/darb.png"></div><br /><br /> <div style="width: 100%"> Por mas informacion porfabor mire en los siguientes Links<br/><a href="#">Link 1</a><br /><a href="#">Link 2</a><br /></div>', 'Cargo', '', '0000-00-00 00:00:00', '2013-08-06 22:03:30', ''),
(18, 5, 'Nombre', 'uni3.jpg', 'darb.png', 'Lorem Ipsum es simplemente el texto de relleno de las imprentas y archivos de texto. Lorem Ipsumha sido el texto de rellenoestandar de las industrias desde el año 1500, cuando un impresor(N. del T.)Lorem Ipsum es simplemente el texto de relleno de las imp', '<div style="width: 100%; min-width: 300px;"><span>Somos una empresa peruana con mas de 30 años en el mercado Que con cuatro lineas de negocio : <br /> unidad de gruas, unidad de fajas tranportadoras, tiendas y servicio tecnico. </span><br /></div><br /><div style="min-width: 250px; width: 70%; margin-right: 10px;"><img src="../userfiles/darb.png"></div><br /><br /> <div style="width: 100%"> Por mas informacion porfabor mire en los siguientes Links<br/><a href="#">Link 1</a><br /><a href="#">Link 2</a><br /></div>', 'Cargo', '', '0000-00-00 00:00:00', '2013-08-06 22:03:37', ''),
(19, 5, 'Nombre', 'uni3.jpg', 'darb.png', 'Lorem Ipsum es simplemente el texto de relleno de las imprentas y archivos de texto. Lorem Ipsumha sido el texto de rellenoestandar de las industrias desde el año 1500, cuando un impresor(N. del T.)Lorem Ipsum es simplemente el texto de relleno de las imp', '<div style="width: 100%; min-width: 300px;"><span>Somos una empresa peruana con mas de 30 años en el mercado Que con cuatro lineas de negocio : <br /> unidad de gruas, unidad de fajas tranportadoras, tiendas y servicio tecnico. </span><br /></div><br /><div style="min-width: 250px; width: 70%; margin-right: 10px;"><img src="../userfiles/darb.png"></div><br /><br /> <div style="width: 100%"> Por mas informacion porfabor mire en los siguientes Links<br/><a href="#">Link 1</a><br /><a href="#">Link 2</a><br /></div>', 'Cargo', '', '0000-00-00 00:00:00', '2013-08-06 22:03:44', ''),
(20, 6, 'Nombre', 'uni3.jpg', 'darb.png', 'Lorem Ipsum es simplemente el texto de relleno de las imprentas y archivos de texto. Lorem Ipsumha sido el texto de rellenoestandar de las industrias desde el año 1500, cuando un impresor(N. del T.)Lorem Ipsum es simplemente el texto de relleno de las imp', '<div style="width: 100%; min-width: 300px;"><span>Somos una empresa peruana con mas de 30 años en el mercado Que con cuatro lineas de negocio : <br /> unidad de gruas, unidad de fajas tranportadoras, tiendas y servicio tecnico. </span><br /></div><br /><div style="min-width: 250px; width: 70%; margin-right: 10px;"><img src="../userfiles/darb.png"></div><br /><br /> <div style="width: 100%"> Por mas informacion porfabor mire en los siguientes Links<br/><a href="#">Link 1</a><br /><a href="#">Link 2</a><br /></div>', 'Cargo', '', '0000-00-00 00:00:00', '2013-08-06 22:03:51', ''),
(21, 6, 'Nombre', 'uni3.jpg', 'darb.png', 'Lorem Ipsum es simplemente el texto de relleno de las imprentas y archivos de texto. Lorem Ipsumha sido el texto de rellenoestandar de las industrias desde el año 1500, cuando un impresor(N. del T.)Lorem Ipsum es simplemente el texto de relleno de las imp', '<div style="width: 100%; min-width: 300px;"><span>Somos una empresa peruana con mas de 30 años en el mercado Que con cuatro lineas de negocio : <br /> unidad de gruas, unidad de fajas tranportadoras, tiendas y servicio tecnico. </span><br /></div><br /><div style="min-width: 250px; width: 70%; margin-right: 10px;"><img src="../userfiles/darb.png"></div><br /><br /> <div style="width: 100%"> Por mas informacion porfabor mire en los siguientes Links<br/><a href="#">Link 1</a><br /><a href="#">Link 2</a><br /></div>', 'Cargo', '', '0000-00-00 00:00:00', '2013-08-06 22:03:57', ''),
(22, 4, 'Nombre', 'testimonios.jpg', 'darb.png', 'Somos una empresa peruana con mas de 30 años en el mercado Que con cuatro lineas de negocio unidad de gruas, unida.....', '<div>Somos una empresa peruana con mas de 30 años en el mercado Que con cuatro lineas de negocio: unidad de gruas, unidad de fajas tranportadoras, tiendas y servicio tecnico. representamos a marcas de prestigio mundial como YALE INDUSTRAL PRODUCTS para la linea de iaje FENNER DUNLOP para la linea de fajas transportadoras, CONDUCTIX para sistema de electrificacion, ASGCO para accesorios de fajas transportadoras y DUNLOP para fajas en V. Nuestras mayores fortalezas son nuestro personal altamente calificado y el respaldo de nuestros proveedores.<br /><br /> </div><div><a href="Ultimos_Servicios.php"> < Regresar a  Últimos Servicios</a></div>', 'Cargo', '', '0000-00-00 00:00:00', '2013-08-01 04:04:20', ''),
(23, 4, 'Nombre', 'testimonios.jpg', 'darb.png', 'Somos una empresa peruana con mas de 30 años en el mercado Que con cuatro lineas de negocio unidad de gruas, unida.....', '<div>Somos una empresa peruana con mas de 30 años en el mercado Que con cuatro lineas de negocio: unidad de gruas, unidad de fajas tranportadoras, tiendas y servicio tecnico. representamos a marcas de prestigio mundial como YALE INDUSTRAL PRODUCTS para la linea de iaje FENNER DUNLOP para la linea de fajas transportadoras, CONDUCTIX para sistema de electrificacion, ASGCO para accesorios de fajas transportadoras y DUNLOP para fajas en V. Nuestras mayores fortalezas son nuestro personal altamente calificado y el respaldo de nuestros proveedores.<br /><br /> </div><div><a href="Ultimos_Servicios.php"> < Regresar a  Últimos Servicios</a></div>', 'Cargo', '', '0000-00-00 00:00:00', '2013-08-01 04:04:27', ''),
(24, 4, 'Nombre', 'testimonios.jpg', 'darb.png', 'Somos una empresa peruana con mas de 30 años en el mercado Que con cuatro lineas de negocio unidad de gruas, unida.....', '<div>Somos una empresa peruana con mas de 30 años en el mercado Que con cuatro lineas de negocio: unidad de gruas, unidad de fajas tranportadoras, tiendas y servicio tecnico. representamos a marcas de prestigio mundial como YALE INDUSTRAL PRODUCTS para la linea de iaje FENNER DUNLOP para la linea de fajas transportadoras, CONDUCTIX para sistema de electrificacion, ASGCO para accesorios de fajas transportadoras y DUNLOP para fajas en V. Nuestras mayores fortalezas son nuestro personal altamente calificado y el respaldo de nuestros proveedores.<br /><br /> </div><div><a href="Ultimos_Servicios.php"> < Regresar a  Últimos Servicios</a></div>', 'Cargo', '', '0000-00-00 00:00:00', '2013-08-01 04:04:33', '');

/*!40101 SET CHARACTER_SET_CLIENT=@OLD_CHARACTER_SET_CLIENT */;
/*!40101 SET CHARACTER_SET_RESULTS=@OLD_CHARACTER_SET_RESULTS */;
/*!40101 SET COLLATION_CONNECTION=@OLD_COLLATION_CONNECTION */;
