-- phpMyAdmin SQL Dump
-- version 3.4.10.1deb1
-- http://www.phpmyadmin.net
--
-- Host: localhost
-- Generation Time: Jan 12, 2014 at 04:46 PM
-- Server version: 5.5.29
-- PHP Version: 5.5.7-1+sury.org~precise+1

SET SQL_MODE="NO_AUTO_VALUE_ON_ZERO";
SET time_zone = "+00:00";

--
-- Database: `movitecnica`
--

-- --------------------------------------------------------

--
-- Table structure for table `category`
--

CREATE TABLE IF NOT EXISTS `category` (
  `id` int(11) NOT NULL AUTO_INCREMENT,
  `name` varchar(255) NOT NULL,
  `parent_id` int(11) NOT NULL,
  `created` datetime NOT NULL,
  `updated` timestamp NOT NULL DEFAULT CURRENT_TIMESTAMP ON UPDATE CURRENT_TIMESTAMP,
  `status` char(1) NOT NULL,
  PRIMARY KEY (`id`)
) ENGINE=MyISAM  DEFAULT CHARSET=utf8 AUTO_INCREMENT=29 ;

--
-- Dumping data for table `category`
--

INSERT INTO `category` (`id`, `name`, `parent_id`, `created`, `updated`, `status`) VALUES
(1, 'inicio', 0, '2013-07-09 09:14:23', '2013-07-09 17:13:31', '1'),
(2, 'Conòcenos', 1, '2013-07-09 09:14:23', '2013-07-09 14:14:42', '1'),
(3, 'Mensaje del Gerente', 2, '2013-07-09 09:14:23', '2013-07-09 14:14:42', '1'),
(4, 'Misiòn y Vision', 2, '2013-07-09 09:14:23', '2013-07-09 14:14:42', '1'),
(5, 'Valores', 2, '2013-07-09 09:14:23', '2013-07-09 14:14:42', '1'),
(6, 'Equipo de Trabjado', 2, '2013-07-09 09:14:23', '2013-07-09 14:14:42', '1'),
(7, 'trabajador', 6, '2013-07-09 09:14:23', '2013-07-09 14:14:42', '1'),
(8, 'Que Hacemos', 1, '2013-07-09 09:14:23', '2013-07-09 14:14:42', '1'),
(9, 'Unidad de Grúas y Proyectos', 8, '2013-07-09 09:14:23', '2013-07-09 14:14:42', '1'),
(10, 'Últimos Proyectos', 9, '2013-07-09 09:14:23', '2013-07-09 14:14:42', '1'),
(11, 'Proyecto', 10, '2013-07-09 09:14:23', '2013-07-09 14:14:42', '1'),
(12, 'Unidad de Fajas Transportadoras', 1, '2013-07-09 09:14:23', '2013-07-09 14:14:42', '1'),
(13, 'Servicio de Empalme de Fajas', 12, '2013-07-09 09:14:23', '2013-07-09 14:14:42', '1'),
(14, 'Unidad de Servicio Técnico', 8, '2013-07-09 09:14:23', '2013-07-09 14:14:42', '1'),
(15, 'Últimos Servicios', 14, '2013-07-09 09:14:23', '2013-07-09 14:14:42', '1'),
(16, 'Servicio', 15, '2013-07-09 09:14:23', '2013-07-09 14:14:42', '1'),
(17, 'Unidad Comercial', 8, '2013-07-09 09:14:23', '2013-07-09 14:14:42', '1'),
(18, 'SIG', 1, '2013-07-09 09:14:23', '2013-07-09 14:14:42', '1'),
(19, 'Polìtica', 18, '2013-07-09 09:14:23', '2013-07-09 14:14:42', '1'),
(20, 'Garantia', 18, '2013-07-09 09:14:23', '2013-07-09 14:14:42', '1'),
(21, 'Reclamos', 18, '2013-07-09 09:14:23', '2013-07-09 14:14:42', '1'),
(22, 'Trabaje con Nosotros', 1, '2013-07-09 09:14:23', '2013-07-09 14:14:42', '1'),
(23, 'Porqué Movitécnica', 22, '2013-07-09 09:14:23', '2013-07-09 14:14:42', '1'),
(24, 'Testimonios', 22, '2013-07-09 09:14:23', '2013-07-09 14:14:42', '1'),
(25, 'testimonio', 24, '2013-07-09 09:14:23', '2013-07-09 14:14:42', '1'),
(26, 'Ofertas De Trabajo', 22, '2013-07-09 09:14:23', '2013-07-09 14:14:42', '1'),
(27, 'media', 1, '2013-07-09 09:14:23', '2013-07-09 14:14:42', '1'),
(28, 'Noticia', 27, '2013-07-09 09:14:23', '2013-07-09 14:14:42', '1');

-- --------------------------------------------------------

--
-- Table structure for table `configuration`
--

CREATE TABLE IF NOT EXISTS `configuration` (
  `name` varchar(255) NOT NULL,
  `username` varchar(255) NOT NULL,
  `password` varchar(255) NOT NULL,
  `email` varchar(255) NOT NULL,
  `logo` varchar(255) NOT NULL,
  `favicon` varchar(255) NOT NULL,
  `contact_email` varchar(255) NOT NULL,
  `address1` varchar(255) NOT NULL,
  `address2` varchar(255) NOT NULL,
  `phone1` varchar(255) NOT NULL,
  `phone2` varchar(255) NOT NULL,
  `fax` varchar(255) NOT NULL,
  `title` varchar(255) NOT NULL,
  `description` varchar(255) NOT NULL,
  `keywords` varchar(255) NOT NULL,
  `google` varchar(255) NOT NULL,
  `facebook` varchar(255) NOT NULL,
  `twitter` varchar(255) NOT NULL,
  `linkedin` varchar(255) NOT NULL,
  `skype` varchar(255) NOT NULL,
  `youtube` varchar(255) NOT NULL
) ENGINE=MyISAM DEFAULT CHARSET=utf8;

--
-- Dumping data for table `configuration`
--

INSERT INTO `configuration` (`name`, `username`, `password`, `email`, `logo`, `favicon`, `contact_email`, `address1`, `address2`, `phone1`, `phone2`, `fax`, `title`, `description`, `keywords`, `google`, `facebook`, `twitter`, `linkedin`, `skype`, `youtube`) VALUES
('andres', 'admin', '12345', 'andresgarciadev@gmail.com', '', '', '', '', '', '', '', '', '', '', '', '', '', '', '', '', '');

-- --------------------------------------------------------

--
-- Table structure for table `contact`
--

CREATE TABLE IF NOT EXISTS `contact` (
  `id` int(11) NOT NULL AUTO_INCREMENT,
  `category_id` int(11) NOT NULL,
  `name` varchar(255) NOT NULL,
  `email` varchar(255) NOT NULL,
  `address1` varchar(255) NOT NULL,
  `address2` varchar(255) NOT NULL,
  `phone1` varchar(255) NOT NULL,
  `phone2` varchar(255) NOT NULL,
  `created` datetime NOT NULL,
  `updated` timestamp NOT NULL DEFAULT CURRENT_TIMESTAMP ON UPDATE CURRENT_TIMESTAMP,
  `status` char(1) NOT NULL,
  PRIMARY KEY (`id`)
) ENGINE=MyISAM DEFAULT CHARSET=utf8 AUTO_INCREMENT=1 ;

-- --------------------------------------------------------

--
-- Table structure for table `content`
--

CREATE TABLE IF NOT EXISTS `content` (
  `id` int(11) NOT NULL AUTO_INCREMENT,
  `category_id` int(11) NOT NULL,
  `name` varchar(255) NOT NULL,
  `thumbnail` varchar(255) NOT NULL,
  `image` varchar(255) NOT NULL,
  `description` varchar(255) NOT NULL,
  `content` text NOT NULL,
  `overlap` varchar(255) NOT NULL,
  `created` datetime NOT NULL,
  `updated` timestamp NOT NULL DEFAULT CURRENT_TIMESTAMP ON UPDATE CURRENT_TIMESTAMP,
  `status` char(1) NOT NULL,
  PRIMARY KEY (`id`)
) ENGINE=MyISAM  DEFAULT CHARSET=utf8 AUTO_INCREMENT=33 ;

--
-- Dumping data for table `content`
--

INSERT INTO `content` (`id`, `category_id`, `name`, `thumbnail`, `image`, `description`, `content`, `overlap`, `created`, `updated`, `status`) VALUES
(1, 1, 'Inicio', '', '_1.jpg', 'PageMaker, el cual incluye versiones de Lorem Ipsum', '', '', '0000-00-00 00:00:00', '2013-08-15 19:53:24', '1'),
(2, 1, 'Conócenos', '', '_Conocenos.png', 'PageMaker, el cual incluye versiones de Lorem Ipsum', '<div style="border-bottom: 1px solid #D7D7D7; width: 100%;">\n                                Somos una empresa peruana con más de 30 años en el mercado, líderes en el negocio de izaje en el Perú, contamos con profesionales altamente calificados para ofrecer la mejor calidad, atención y apoyo en todos los servicios. Proveemos  la ingeniería, los equipos, el servicio técnico, el montaje y la puesta en marcha del proyecto. Nuestra experiencia y solidez han contribuido a que contemos con una cobertura a nivel nacional, haciendo así que marcas de prestigio a nivel mundial, tales como Yale Hoist, Street, Dunlop, ASGCO, Conductix, Kühnezug,  Vetter y Cimbria,  nos confíen la distribución exclusiva de sus productos.\n                                <br /><br />\n                                <div class="listita">\n                                    <ul style="margin-bottom: 10px;"><div style="margin-bottom: 5px;"><b>Categorías:</b></div>\n                                        <li>Izaje</li>\n                                        <li>Accesorios de izaje.</li>\n                                        <li>Fajas transportadoras.</li>\n                                        <li>Accesorios de fajas.</li>\n                                        <li>Sistemas de electrificación.</li>\n                                        <li>Grúas.</li>\n                                        <li>Puentes Grúa.</li>\n                                        <li>Chutes antipolución.</li>\n                                    </ul>\n                                </div>\n                                <br />\n\n                                Nuestro servicio técnico certificado por nuestros proveedores, garantiza el mejor servicio post venta del mercado.\n                                <br /><br />\n                                <img src="../userfiles/logos_marcas.png">\n                                <br /><br />\n                            </div>\n                            <br />\n                            <!--                        <h3><b>Historia</b></h3>\n                                                    <div id="mobanner-container">\n                                                        <div id="mobanner_arrow_left"></div>\n                                                        <div id="mobanner-content">\n                                                            <img id="mobanner" src="../userfiles/linea-de-tiempo.png"/>\n                                                        </div>\n                                                        <div id="mobanner_arrow_right"></div>\n                                                    </div>\n                                                    <div id="div_linea_tiempo">\n                                                        \n                                                    </div>-->\n                            <br />', '', '0000-00-00 00:00:00', '2013-08-16 04:41:43', '1'),
(3, 2, 'Mensaje del Gerente', '', '_CEO.png', 'PageMaker, el cual incluye versiones de Lorem Ipsum', '<span>\n                        Somos una empresa peruana con mas de 30 años en el mercado Que con cuatro lineas de negocio: unidad de gruas, unidad de fajas tranportadoras, tiendas y servicio tecnico. representamos a marcas de prestigio mundial como YALE INDUSTRAL PRODUCTS para la linea de iaje FENNER DUNLOP para la linea de fajas transportadoras, CONDUCTIX para sistema de electrificacion, ASGCO para accesorios de fajas transportadoras y DUNLOP para fajas en V. Nuestras mayores fortalezas son nuestro personal altamente calificado y el respaldo de nuestros proveedores.\n                    </span><br />\n                    <br />', '', '0000-00-00 00:00:00', '2013-08-15 19:53:36', '1'),
(4, 2, 'Misión y Visión', '', '_mision_y_vision.png', 'PageMaker, el cual incluye versiones de Lorem Ipsum', '<span>\r\n                            <h3><b>Misión</b></h3>\r\n                            Ayudar a nuestros clientes a mover, levantar, posicionar y asegurar todo tipo de material de una manera fácil y segura.<br /><br />\r\n\r\n                            <h3><b>Visión</b></h3>\r\n                            Ser líderes de la región sudamericana, como empresa Que brinda soluciones integrales de ingeniería a todos los sectores productivos.<br />\r\n                        </span><br />\r\n                        <br />', '', '0000-00-00 00:00:00', '2013-08-15 19:53:40', '1'),
(5, 2, 'Valores', '', '_Valores.png', 'PageMaker, el cual incluye versiones de Lorem Ipsum', '<span>\r\n                            <h3><b>Juego Limpio</b></h3>\r\n                            Es el comportamiento leal, honesto y fraterno hacia la competencia, los clientes, nuestros colaboradores, el Estado y la sociedad; siendo respetuosos de las reglas de juego y el correcto manejo de los clientes. <br /><br />\r\n\r\n                            <h3><b>Trabajamos y Ganamos en Equipo</b></h3>\r\n                            Surge de desarrollar y compartir nuestros conocimientos dentro de la organización. Fomentamos la integración donde los objetivos de la empresa son sentidos como propios por todos los colaboradores. <br /><br />\r\n\r\n                            <h3><b>Pasión por lo Que Hacemos</b></h3>\r\n                            Es nuestro entusiasmo y la satisfacción por la tarea Que se realiza Que nos impulsa a desarrollar nuestro máximo potencial.<br /><br />\r\n\r\n                            <h3><b>Formación de Talentos</b></h3>\r\n                            Es nuestro interés genuino por fomentar la formación y el desarrollo de los miembros del equipo Movitécnica a partir del análisis de sus necesidades y de la exposición a situaciones Que faciliten su crecimiento.<br />\r\n                        </span><br />\r\n                        <br />', '', '0000-00-00 00:00:00', '2013-08-15 19:53:46', '1'),
(7, 1, 'Que Hacemos', '', '_que_hacemos.png', 'PageMaker, el cual incluye versiones de Lorem Ipsum', '<br />\r\n                <br />', '', '0000-00-00 00:00:00', '2013-08-15 19:53:50', '1'),
(25, 1, 'Productos', '', '_gruas_y_proyectos.png', '', '', '', '0000-00-00 00:00:00', '2013-08-15 22:30:29', '1'),
(26, 25, 'Categoria', '', '', '', '', '', '0000-00-00 00:00:00', '2013-08-15 22:30:29', '1'),
(27, 25, 'Marca', '', '', '', '', '', '0000-00-00 00:00:00', '2013-08-15 22:30:29', '1'),
(28, 1, 'Media', '', '', '', '<span>Encontrará una lista actualizada de los comunicados y anuncios por debajo de noticias de Movitécnica</span><br /><br />', '', '0000-00-00 00:00:00', '2013-08-15 22:30:29', '1'),
(29, 28, 'Noticias', '', '', '', '', '', '0000-00-00 00:00:00', '2013-08-15 22:30:29', '1'),
(30, 28, 'Notas de Prensa', '', '', '', '', '', '0000-00-00 00:00:00', '2013-08-15 22:30:29', '1'),
(31, 1, 'Contáctenos', '', '', 'Con múltiples lugares de toda América del Norte, nuestras oficinas están ubicadas estratégicamente para garantizar que podemos atender a nuestros clientes allí donde nos necesiten', '<div>\r\n                                <b>Enviar a nuestro email</b><br />\r\n                                <a href="Movitécnica@Movitécnica.com">Movitécnica@Movitécnica.com</a>\r\n                            </div><br />\r\n                            Para enviar su hoja de vida, por favor haga clic aquí. Usted recibirá un email de confirmación a la recepción<br /><br />\r\n                            <b>Danos una llamada</b><br />\r\n                            1-345-546-4356<br />\r\n                            Lunes a Viernes, de 8 a 5, PST<br /><br /><br />\r\n                            <div style="width: 40%; margin-right: 9%; display: inline-block; vertical-align: top; margin-bottom: 5%;">\r\n                                <h4>Movitécnica  Office</h4>\r\n                                Movitécnica <br />\r\n                                2013 PG Pulpmill Road, PO Box 968<br />\r\n                                Movitécnica, BC  V2L 4V1<br />\r\n                                T: 324-319-1364<br />\r\n                                F: 656-665-3490<br />\r\n                            </div>\r\n                            <div style="width: 40%; margin-right: 9%; display: inline-block; vertical-align: top; margin-bottom: 5%;">\r\n                                <h4>Movitécnica  Office</h4>\r\n                                Movitécnica <br />\r\n                                2013 PG Pulpmill Road, PO Box 968<br />\r\n                                Movitécnica, BC  V2L 4V1<br />\r\n                                T: 324-319-1364<br />\r\n                                F: 656-665-3490<br />\r\n                            </div>', '', '0000-00-00 00:00:00', '2013-08-15 22:30:29', '1'),
(8, 7, 'Unidad de Grúas y Proyectos', '_uni1.jpg', '_gruas_y_proyectos.png', '<p>Somos una empresa peruana con mas de 30 a&ntilde;os en el mercado Que con cuatro lineas de negocio: unidad de gruas, unidad de fajas tranportadoras, tiendas y servicio tecnico.</p>', '<ul>\r\n<li>\r\n<pre><strong>Listado de Equipos de Izaje / Levante y Movimiento de Materiales</strong></pre>\r\n<pre><strong><br /></strong></pre>\r\n<pre><strong style="font-size: 13px;">Equipos de Levante Industriales</strong></pre>\r\n<pre><strong style="font-size: 13px;"><br /></strong></pre>\r\n<pre><span style="font-size: 13px;">Gr&uacute;as Puente Industriales</span></pre>\r\n<pre><span style="font-size: 13px;">Gr&uacute;as Pescante (Jib Cranes) Manuales</span></pre>\r\n<ul>\r\n<li>\r\n<pre>Gr&uacute;as Pescante (Jib Cranes) Motorizadas</pre>\r\n</li>\r\n<li>\r\n<pre>Estaciones de Trabajo</pre>\r\n</li>\r\n<li>\r\n<pre>Equipos a Prueba de Explosi&oacute;n (Ex)</pre>\r\n</li>\r\n<li>\r\n<pre>Tecles&nbsp; a cadena, cable y cinta</pre>\r\n</li>\r\n<li>\r\n<pre>Winches El&eacute;ctricos</pre>\r\n</li>\r\n<li>\r\n<pre>Carros tractores (tractor drive)</pre>\r\n</li>\r\n<li>\r\n<pre>Polipastos a cable (Wire Rope)</pre>\r\n</li>\r\n<li>\r\n<pre>Polipastos de doble gancho (twin hook)</pre>\r\n</li>\r\n</ul>\r\n&nbsp;\r\n<pre><strong>Equipos de Levante de Proceso / Producci&oacute;n</strong></pre>\r\n<pre><strong>&nbsp;</strong></pre>\r\n<ul>\r\n<li>\r\n<pre>Gr&uacute;as P&oacute;rtico y Semi-P&oacute;rtico</pre>\r\n</li>\r\n<li>\r\n<pre>Carros con sistema de rotaci&oacute;n</pre>\r\n</li>\r\n<li>\r\n<pre>Gr&uacute;as de Pedestal</pre>\r\n</li>\r\n<li>\r\n<pre>Gr&uacute;as Puente de Proceso y Producci&oacute;n</pre>\r\n</li>\r\n<li>\r\n<pre>(Refiner&iacute;as SX-EW, Fundiciones, Acer&iacute;as,</pre>\r\n</li>\r\n<li>\r\n<pre>Cemento, Plantas de Generaci&oacute;n, Movimiento Metal Caliente, Celulosa y Papel</pre>\r\n</li>\r\n</ul>\r\n<pre><strong>&nbsp;</strong></pre>\r\n<pre><strong>Componentes para Equipos de Izaje</strong></pre>\r\n<pre><strong>&nbsp;</strong></pre>\r\n<ul>\r\n<li>\r\n<pre>Carros Completos y Polipastos</pre>\r\n</li>\r\n<li>\r\n<pre>Testeras y Boggies</pre>\r\n</li>\r\n<li>\r\n<pre>Reductores, Motores y Frenos</pre>\r\n</li>\r\n<li>\r\n<pre>Cabinas de Operaci&oacute;n</pre>\r\n</li>\r\n<li>\r\n<pre>Sistemas de Aire Acondicionado para Cabinas</pre>\r\n</li>\r\n<li>\r\n<pre>Sistemas de Electrificaci&oacute;n</pre>\r\n</li>\r\n<li>\r\n<pre>Radio Control</pre>\r\n</li>\r\n<li>\r\n<pre>Modernizaci&oacute;n de Componentes Mec&aacute;nicos</pre>\r\n</li>\r\n<li>\r\n<pre>y El&eacute;ctricos</pre>\r\n</li>\r\n<li>\r\n<pre>Variadores de Frecuencia</pre>\r\n</li>\r\n<li>\r\n<pre>Botoneras de Operaci&oacute;n</pre>\r\n</li>\r\n<li>\r\n<pre>Sistemas Anticolisi&oacute;n</pre>\r\n</li>\r\n</ul>\r\n&nbsp;\r\n<pre><strong>Sistemas de Electrificaci&oacute;n </strong></pre>\r\n<pre><strong>&nbsp;</strong></pre>\r\n<ul>\r\n<li>\r\n<pre>Carretes Retr&aacute;ctiles a Resorte</pre>\r\n</li>\r\n<li>\r\n<pre>Carretes Retr&aacute;ctiles Motorizados</pre>\r\n</li>\r\n<li>\r\n<pre>Carretes Motorizados</pre>\r\n</li>\r\n<li>\r\n<pre>Cables Planos y Redondos (PVC o Neopreno)</pre>\r\n</li>\r\n<li>\r\n<pre>Barras Conductoras de Electrificaci&oacute;n</pre>\r\n</li>\r\n<li>\r\n<pre>(10 a 6.000 amperes)</pre>\r\n</li>\r\n</ul>\r\n&nbsp;&nbsp;&nbsp;\r\n<pre><strong>Mecanismos y Accesorios</strong></pre>\r\n<pre><strong>&nbsp;</strong></pre>\r\n<ul>\r\n<li>\r\n<pre>Ganchos Autom&aacute;ticos ELEBIA</pre>\r\n</li>\r\n<li>\r\n<pre>Magnetos y Electroimanes</pre>\r\n</li>\r\n<li>\r\n<pre>Cucharas Almeja</pre>\r\n</li>\r\n<li>\r\n<pre>Ganchos y Garras</pre>\r\n</li>\r\n<li>\r\n<pre>Vigas alargables y Spreader</pre>\r\n</li>\r\n<li>\r\n<pre>Ganchos tipo C</pre>\r\n</li>\r\n<li>\r\n<pre>Balanceadores y Manipuladores</pre>\r\n</li>\r\n</ul>\r\n&nbsp;\r\n<pre><strong>Rieles y Accesorios</strong></pre>\r\n<ul>\r\n<li>\r\n<pre>Rieles de Rodadura para Gr&uacute;as (ASCE, DIN)</pre>\r\n</li>\r\n<li>\r\n<pre>Clips de sujeci&oacute;n de rieles</pre>\r\n</li>\r\n<li>\r\n<pre>Eclisas</pre>\r\n</li>\r\n<li>\r\n<pre>Pad de apoyo de riel</pre>\r\n</li>\r\n<li>\r\n<pre>Accesorios para Rieles de Rodadura</pre>\r\n</li>\r\n<li>&nbsp;</li>\r\n</ul>\r\n<pre><strong>Componentes y Repuestos Mec&aacute;nico / El&eacute;ctrico </strong></pre>\r\n<pre><strong>(Para cualquier marca de Puente Gr&uacute;a)</strong></pre>\r\n<pre><strong>&nbsp;</strong></pre>\r\n<ul>\r\n<li>\r\n<pre>Aparejos completos</pre>\r\n</li>\r\n<li>\r\n<pre>Ganchos (simples y dobles)</pre>\r\n</li>\r\n<li>\r\n<pre>Ruedas</pre>\r\n</li>\r\n<li>\r\n<pre>Tambores</pre>\r\n</li>\r\n<li>\r\n<pre>Cables de Acero</pre>\r\n</li>\r\n<li>\r\n<pre>Reductores</pre>\r\n</li>\r\n<li>\r\n<pre>Frenos</pre>\r\n</li>\r\n<li>\r\n<pre>Motores</pre>\r\n</li>\r\n<li>\r\n<pre>Sistemas de Control</pre>\r\n</li>\r\n<li>\r\n<pre>Limites de Carrera</pre>\r\n</li>\r\n<li>\r\n<pre>Sensores &ndash; Encoder</pre>\r\n<pre>&nbsp;</pre>\r\n</li>\r\n</ul>\r\n<pre><strong>SERVICIOS / INSPECCIONES / MODERNIZACIONES</strong></pre>\r\n<pre><strong>(Para cualquier marca de Puente Gr&uacute;a)</strong></pre>\r\n<pre><strong>&nbsp;</strong></pre>\r\n<ul>\r\n<li>\r\n<pre>Inspecciones T&eacute;cnicas</pre>\r\n</li>\r\n<li>\r\n<pre>Servicio T&eacute;cnico &ndash; Montaje y Puesta</pre>\r\n</li>\r\n<li>\r\n<pre>en Operaci&oacute;n</pre>\r\n</li>\r\n<li>\r\n<pre>Pruebas de Carga</pre>\r\n</li>\r\n<li>\r\n<pre>Certificaci&oacute;n de Equipos de Izaje</pre>\r\n</li>\r\n<li>\r\n<pre>Cursos de Capacitaci&oacute;n</pre>\r\n</li>\r\n<li>\r\n<pre>(Mantenci&oacute;n y Operaci&oacute;n)</pre>\r\n</li>\r\n<li>\r\n<pre>Contratos de Mantenci&oacute;n</pre>\r\n</li>\r\n<li>\r\n<pre>Estudios de Automatizaci&oacute;n</pre>\r\n</li>\r\n<li>\r\n<pre>Estudios de Factibilidad</pre>\r\n</li>\r\n<li>\r\n<pre>(Modernizaci&oacute;n, Aumento de Capacidad</pre>\r\n</li>\r\n<li>\r\n<pre>y de Clasificaci&oacute;n de Servicio)</pre>\r\n</li>\r\n<li>\r\n<pre>Servicios de Mantenci&oacute;n Preventiva y Correctiva</pre>\r\n<pre>&nbsp;</pre>\r\n</li>\r\n</ul>\r\n</li>\r\n</ul>', '', '0000-00-00 00:00:00', '2014-01-12 13:25:13', '1'),
(9, 7, 'Unidad de Fajas Transportadoras', '_uni2.jpg', '_fajas_transportadoras.png', 'Somos una empresa peruana con mas de 30 años en el mercado Que con cuatro lineas de negocio: unidad de gruas, unidad de fajas tranportadoras, tiendas y servicio tecnico.', '<div>\n                                Somos una empresa peruana con mas de 30 años en el mercado Que con cuatro lineas de negocio: unidad de gruas, unidad de fajas tranportadoras, tiendas y servicio tecnico. representamos a marcas de prestigio mundial como YALE INDUSTRAL PRODUCTS para la linea de iaje FENNER DUNLOP para la linea de fajas transportadoras, CONDUCTIX para sistema de electrificacion, ASGCO para accesorios de fajas transportadoras y DUNLOP para fajas en V. Nuestras mayores fortalezas son nuestro personal altamente calificado y el respaldo de nuestros proveedores.\n                                <br /><br />\n                            </div> \n                            <div>\n                                <div class="image_carousel">\n                                    <div id="foo1">\n                                        <a rel="fancybox" href="../userfiles/_uni1.jpg">\n                                            <img src="../userfiles/_uni1.jpg" alt="basketball"  />\n                                        </a>\n                                        <a rel="fancybox" href="../userfiles/_uni2.jpg">\n                                            <img src="../userfiles/_uni2.jpg" alt="beachtree"  />\n                                        </a>\n                                        <a rel="fancybox" href="../userfiles/_uni3.jpg">\n                                            <img src="../userfiles/_uni3.jpg" alt="cupcackes"  />\n                                        </a>\n                                        <a rel="fancybox" href="../userfiles/_uni1.jpg">\n                                            <img src="../userfiles/_uni1.jpg" alt="basketball"  />\n                                        </a>\n                                    </div>\n                                    <div class="clearfix"></div>\n                                </div>\n                                <br />\n                            </div>\n                            <div><a href="Servicio_De_Empalme.php"> Ir a Servicio de Empalme de Fajas ></a></div>\n                            <br />', '', '0000-00-00 00:00:00', '2013-09-04 16:25:51', '1'),
(10, 9, 'Servicio de Empalme de Fajas', '', '', 'Somos una empresa peruana con mas de 30 años en el mercado Que con cuatro lineas de negocio: unidad de gruas, unidad de fajas tranportadoras, tiendas y servicio tecnico.', '<div style="display: inline-block;" class="uni_response">\r\n                    \r\n                    <div style="width: 98%;">\r\n                        <span>\r\n                            Es el comportamiento leal, honesto y fraterno hacia la competencia, los clientes, nuestros colaboradores, el Estado y la sociedad; siendo respetuosos de las reglas de juego y el correcto manejo de los clientes. <br />\r\n                            Surge de desarrollar y compartir nuestros conocimientos dentro de la organización. Fomentamos la integración donde los objetivos de la empresa son sentidos como propios por todos los colaboradores. <br />\r\n                            Es nuestro entusiasmo y la satisfacción por la tarea Que se realiza Que nos impulsa a desarrollar nuestro máximo potencial.<br />\r\n                            Es nuestro interés genuino por fomentar la formación y el desarrollo de los miembros del equipo Movitécnica a partir del análisis de sus necesidades y de la exposición a situaciones Que faciliten su crecimiento.<br />\r\n                        </span><br />\r\n                        <br />\r\n                        <div class="image_box" style="height: auto;"><img src="../userfiles/Valores.png"></div>\r\n                        <a href="Unidad_Fajas_Transportadoras.php"> < Regresar a Unidad Fajas Transportadoras</a>\r\n                        <br/><br/>\r\n                    </div>\r\n                </div>', '', '0000-00-00 00:00:00', '2013-08-06 02:13:58', '1'),
(11, 7, 'Unidad de Servicio Técnico', '_uni3.jpg', '_Servicio_tecnico.png', 'Somos una empresa peruana con mas de 30 años en el mercado Que con cuatro lineas de negocio: unidad de gruas, unidad de fajas tranportadoras, tiendas y servicio tecnico.', '<div>\n                                Somos una empresa peruana con mas de 30 años en el mercado Que con cuatro lineas de negocio: unidad de gruas, unidad de fajas tranportadoras, tiendas y servicio tecnico. representamos a marcas de prestigio mundial como YALE INDUSTRAL PRODUCTS para la linea de iaje FENNER DUNLOP para la linea de fajas transportadoras, CONDUCTIX para sistema de electrificacion, ASGCO para accesorios de fajas transportadoras y DUNLOP para fajas en V. Nuestras mayores fortalezas son nuestro personal altamente calificado y el respaldo de nuestros proveedores.\n                                <br /><br />\n                            </div> \n                            <div>\n                                <div class="image_carousel">\n                                    <div id="foo1">\n                                        <a rel="fancybox" href="../userfiles/_uni1.jpg">\n                                            <img src="../userfiles/_uni1.jpg" alt="basketball"  />\n                                        </a>\n                                        <a rel="fancybox" href="../userfiles/_uni2.jpg">\n                                            <img src="../userfiles/_uni2.jpg" alt="beachtree"  />\n                                        </a>\n                                        <a rel="fancybox" href="../userfiles/_uni3.jpg">\n                                            <img src="../userfiles/_uni3.jpg" alt="cupcackes"  />\n                                        </a>\n                                        <a rel="fancybox" href="../userfiles/_uni1.jpg">\n                                            <img src="../userfiles/_uni1.jpg" alt="basketball"  />\n                                        </a>\n                                    </div>\n                                    <div class="clearfix"></div>\n                                </div>\n                                <br />\n                            </div>\n                            <div><a href="Ultimos_Servicios.php">Ir a  Últimos Servicios ></a></div>\n                            <br />', '', '0000-00-00 00:00:00', '2013-09-04 16:26:46', '1'),
(12, 7, 'Unidad Comercial', '_uni4.jpg', '_unidad_comercial.png', 'Somos una empresa peruana con mas de 30 años en el mercado Que con cuatro lineas de negocio: unidad de gruas, unidad de fajas tranportadoras, tiendas y servicio tecnico.', '<div>\n                                Somos una empresa peruana con mas de 30 años en el mercado Que con cuatro lineas de negocio: unidad de gruas, unidad de fajas tranportadoras, tiendas y servicio tecnico. representamos a marcas de prestigio mundial como YALE INDUSTRAL PRODUCTS para la linea de iaje FENNER DUNLOP para la linea de fajas transportadoras, CONDUCTIX para sistema de electrificacion, ASGCO para accesorios de fajas transportadoras y DUNLOP para fajas en V. Nuestras mayores fortalezas son nuestro personal altamente calificado y el respaldo de nuestros proveedores.\n                                <br /><br />\n                            </div> \n                            <div>\n                                <div class="image_carousel">\n                                    <div id="foo1">\n                                        <a rel="fancybox" href="../userfiles/_uni1.jpg">\n                                            <img src="../userfiles/_uni1.jpg" alt="basketball"  />\n                                        </a>\n                                        <a rel="fancybox" href="../userfiles/_uni2.jpg">\n                                            <img src="../userfiles/_uni2.jpg" alt="beachtree"  />\n                                        </a>\n                                        <a rel="fancybox" href="../userfiles/_uni3.jpg">\n                                            <img src="../userfiles/_uni3.jpg" alt="cupcackes"  />\n                                        </a>\n                                        <a rel="fancybox" href="../userfiles/_uni1.jpg">\n                                            <img src="../userfiles/_uni1.jpg" alt="basketball"  />\n                                        </a>\n                                    </div>\n                                    <div class="clearfix"></div>\n                                </div>\n                                <br />\n                            </div>\n                            <div><a href="">Ver Productos ></a></div>\n                            <br />', '', '0000-00-00 00:00:00', '2013-09-04 16:27:20', '1'),
(6, 2, 'Equipo de trabajo', '', '', 'PageMaker, el cual incluye versiones de Lorem Ipsum ', '<span>Lorem Ipsum es simplemente el texto de relleno de las imprentas y archivos de texto. Lorem Ipsumha sido<br /> el  texto de rellenoestandar de las industrias desde el año 1500, cuando un impresor(N. del T.)</span><br /><br />', '', '0000-00-00 00:00:00', '2013-08-18 04:40:55', '1'),
(21, 17, 'Testimonios', '', '', 'PageMaker, el cual incluye versiones de Lorem Ipsum ', '<div style="width: 96%; margin: 0 auto;">Somos una empresa peruana con mas de 30 años en el mercado Que con cuatro lineas de negocio : <br /> unidad de gruas, unidad de fajas tranportadoras, tiendas y servicio tecnico. representamos a marcas de prestigio mundial como YALE INDUSTRAL PRODUCTS para la linea de iaje FENNER DUNLOP para la linea de fajas transportadoras, CONDUCTIX para sistema de electrificacion, ASGCO para accesorios de fajas transportadoras y DUNLOP para fajas en V. Nuestras mayores fortalezas son nuestro personal altamente calificado y el respaldo de nuestros proveedores....</div><br />', '', '0000-00-00 00:00:00', '2013-08-15 22:30:29', '1'),
(13, 1, 'SIG', '', '_sig.png', 'PageMaker, el cual incluye versiones de Lorem Ipsum', '<span>Somos una empresa peruana con mas de 30 años en el mercado Que con cuatro lineas de negocio : <br /> unidad de gruas, unidad de fajas tranportadoras, tiendas y servicio tecnico. representamos a marcas de prestigio mundial como YALE INDUSTRAL PRODUCTS para la linea de iaje FENNER DUNLOP para la linea de fajas transportadoras, CONDUCTIX para sistema de electrificacion, ASGCO para accesorios de fajas transportadoras y DUNLOP para fajas en V. Nuestras mayores fortalezas son nuestro personal altamente calificado y el respaldo de nuestros proveedores.</span><br />\r\n                        <br />', '', '0000-00-00 00:00:00', '2013-08-15 19:54:22', '1'),
(14, 13, 'Política', '', '_CEO.png', 'PageMaker, el cual incluye versiones de Lorem Ipsum', '<span>Somos una empresa peruana con mas de 30 años en el mercado Que con cuatro lineas de negocio: unidad de gruas, unidad de fajas tranportadoras, tiendas y servicio tecnico. representamos a marcas de prestigio mundial como YALE INDUSTRAL PRODUCTS para la linea de iaje FENNER DUNLOP para la linea de fajas transportadoras, CONDUCTIX para sistema de electrificacion, ASGCO para accesorios de fajas transportadoras y DUNLOP para fajas en V. Nuestras mayores fortalezas son nuestro personal altamente calificado y el respaldo de nuestros proveedores.</span><br />\n                    <br />', '', '0000-00-00 00:00:00', '2013-08-15 19:54:26', '1'),
(15, 13, 'Garantía', '', '_CEO.png', 'PageMaker, el cual incluye versiones de Lorem Ipsum', '<span>Somos una empresa peruana con mas de 30 años en el mercado Que con cuatro lineas de negocio: unidad de gruas, unidad de fajas tranportadoras, tiendas y servicio tecnico. representamos a marcas de prestigio mundial como YALE INDUSTRAL PRODUCTS para la linea de iaje FENNER DUNLOP para la linea de fajas transportadoras, CONDUCTIX para sistema de electrificacion, ASGCO para accesorios de fajas transportadoras y DUNLOP para fajas en V. Nuestras mayores fortalezas son nuestro personal altamente calificado y el respaldo de nuestros proveedores.</span><br />\r\n                    <br />', '', '0000-00-00 00:00:00', '2013-08-15 19:54:30', '1'),
(16, 13, 'Reclamos', '', '_reclamos.png', 'PageMaker, el cual incluye versiones de Lorem Ipsum', '<span>Somos una empresa peruana con mas de 30 años en el mercado Que con cuatro lineas de negocio: unidad de gruas, unidad de fajas tranportadoras, tiendas y servicio tecnico. representamos a marcas de prestigio mundial como YALE INDUSTRAL PRODUCTS para la linea de iaje FENNER DUNLOP para la linea de fajas transportadoras, CONDUCTIX para sistema de electrificacion, ASGCO para accesorios de fajas transportadoras y DUNLOP para fajas en V. Nuestras mayores fortalezas son nuestro personal altamente calificado y el respaldo de nuestros proveedores.</span><br />\r\n                            <br />\r\n                            <div>\r\n                                <form class="form-horizontal">\r\n                                    <div class="control-group">\r\n                                        <label class="control-label" for="inputname">Nombre</label>\r\n                                        <div class="controls">\r\n                                            <input type="text" id="inputname" placeholder="Nombre" >\r\n                                        </div>\r\n                                    </div>\r\n                                    <div class="control-group">\r\n                                        <label class="control-label" for="inputmail">E-Mail</label>\r\n                                        <div class="controls">\r\n                                            <input type="text" id="inputmail" placeholder="E-Mail">\r\n                                        </div>\r\n                                    </div>\r\n                                    <div class="control-group">\r\n                                        <label class="control-label" for="inputcompany">Compañia</label>\r\n                                        <div class="controls">\r\n                                            <input type="text" id="inputcompany" placeholder="Compañia">\r\n                                        </div>\r\n                                    </div>\r\n                                    <div class="control-group">\r\n                                        <label class="control-label" for="inputclaim">Motivo Reclamo</label>\r\n                                        <div class="controls">\r\n                                            <textarea rows="3" id="inputclaim" ></textarea><br /><br />\r\n                                            <button type="submit" class="btn">Enviar</button>\r\n                                        </div>\r\n                                    </div>\r\n                                </form>\r\n                            </div>', '', '0000-00-00 00:00:00', '2013-08-15 19:54:34', '1'),
(17, 1, 'Trabaje con Nosotros', '', '_trabaje_con_nosotros.png', 'PageMaker, el cual incluye versiones de Lorem Ipsum', '<span>Somos una empresa peruana con mas de 30 años en el mercado Que con cuatro lineas de negocio : <br /> unidad de gruas, unidad de fajas tranportadoras, tiendas y servicio tecnico. representamos a marcas de prestigio mundial como YALE INDUSTRAL PRODUCTS para la linea de iaje FENNER DUNLOP para la linea de fajas transportadoras, CONDUCTIX para sistema de electrificacion, ASGCO para accesorios de fajas transportadoras y DUNLOP para fajas en V. Nuestras mayores fortalezas son nuestro personal altamente calificado y el respaldo de nuestros proveedores.</span><br />\r\n                        <br />', '', '0000-00-00 00:00:00', '2013-08-15 19:54:38', '1'),
(23, 8, 'Últimos Proyectos', '', '', '', '<span>Lorem Ipsum es simplemente el texto de relleno de las imprentas y archivos de texto. Lorem Ipsumha sido<br /> el  texto de rellenoestandar de las industrias desde el año 1500, cuando un impresor(N. del T.)</span><br /><br />', '', '0000-00-00 00:00:00', '2013-08-18 04:39:30', '1'),
(24, 11, 'Últimos Servicios', '', '', '', '<span>Lorem Ipsum es simplemente el texto de relleno de las imprentas y archivos de texto. Lorem Ipsumha sido<br /> el  texto de rellenoestandar de las industrias desde el año 1500, cuando un impresor(N. del T.)</span><br /><br />', '', '0000-00-00 00:00:00', '2013-08-15 22:30:29', '1'),
(18, 17, 'Porqué Movitécnica', '', '_Conocenos.png', 'PageMaker, el cual incluye versiones de Lorem Ipsum', '<span>Somos una empresa peruana con mas de 30 años en el mercado Que con cuatro lineas de negocio : <br /> unidad de gruas, unidad de fajas tranportadoras, tiendas y servicio tecnico. representamos a marcas de prestigio mundial como YALE INDUSTRAL PRODUCTS para la linea de iaje FENNER DUNLOP para la linea de fajas transportadoras, CONDUCTIX para sistema de electrificacion, ASGCO para accesorios de fajas transportadoras y DUNLOP para fajas en V. Nuestras mayores fortalezas son nuestro personal altamente calificado y el respaldo de nuestros proveedores.</span><br />\r\n                        <br />\r\n                        <span>\r\n                            \r\n                        <br /><br />', '', '0000-00-00 00:00:00', '2013-08-15 19:54:43', '1'),
(19, 17, 'Oferta De Trabajo', '', '', 'PageMaker, el cual incluye versiones de Lorem Ipsum', '<div style="border-top: 1px solid #D7D7D7; padding-top: 15px;">\r\n                        <h4>Buscar entre Vacantes Abiertas</h4>\r\n                    <span>Busque en nuestra posición mediante la selección de una ubicación a continuación. Para ver todas las aberturas ordenados por ubicación, seleccione "Todo". Cada descripción del trabajo incluye un enlace para la aplicación y la presentación de su hoja de vida a nosotros en línea. Esta es la forma más rápida y fiable para ser considerado para alguna de nuestras posiciones.</span><br /><br />\r\n                    <span>Contamos con un total de <b>0</b> trabajos abiertos</span><br /><br />\r\n                        <form class="form-horizontal">\r\n                            <div class="control-group">\r\n                                <label class="control-label" for="Buscar">Buscar</label>\r\n                                <div class="controls">\r\n                                    <input type="text" id="buscar" placeholder="Ingrese Lo Que Desee Buscar">\r\n                                </div>\r\n                            </div>\r\n                            <div class="control-group">\r\n                                <label class="control-label" for="Localizacion">Localizacion</label>\r\n                                <div class="controls">\r\n                                    <select multiple="multiple" size="2">\r\n                                        <option>1</option>\r\n                                        <option>2</option>\r\n                                        <option>3</option>\r\n                                        <option>4</option>\r\n                                        <option>5</option>\r\n                                    </select>\r\n                                </div>\r\n                            </div>\r\n                            <div class="control-group">\r\n                                <label class="control-label" for="posicion">Tipo de Posicion</label>\r\n                                <div class="controls">\r\n                                    <select multiple="multiple" size="2">\r\n                                        <option>1</option>\r\n                                        <option>2</option>\r\n                                        <option>3</option>\r\n                                        <option>4</option>\r\n                                        <option>5</option>\r\n                                    </select>\r\n                                </div>\r\n                            </div>\r\n                            <div class="control-group">\r\n                                <label class="control-label" for="departamento">Departamento</label>\r\n                                <div class="controls">\r\n                                    <select multiple="multiple" size="2">\r\n                                        <option>1</option>\r\n                                        <option>2</option>\r\n                                        <option>3</option>\r\n                                        <option>4</option>\r\n                                        <option>5</option>\r\n                                    </select><br /><br />\r\n                                    <button type="submit" class="btn">Buscar</button>\r\n                                </div>\r\n\r\n                            </div>\r\n                        </form>\r\n                    </div>', '', '0000-00-00 00:00:00', '2013-08-05 15:01:04', '1');

-- --------------------------------------------------------

--
-- Table structure for table `image`
--

CREATE TABLE IF NOT EXISTS `image` (
  `id` int(11) NOT NULL AUTO_INCREMENT,
  `category_id` int(11) NOT NULL,
  `name` varchar(255) NOT NULL,
  `thumbnail` varchar(255) NOT NULL,
  `image` varchar(255) NOT NULL,
  `description` varchar(255) NOT NULL,
  `content` text NOT NULL,
  `extra1` varchar(255) NOT NULL,
  `extra2` varchar(255) NOT NULL,
  `created` datetime NOT NULL,
  `updated` timestamp NOT NULL DEFAULT CURRENT_TIMESTAMP ON UPDATE CURRENT_TIMESTAMP,
  `status` char(1) NOT NULL,
  PRIMARY KEY (`id`)
) ENGINE=MyISAM  DEFAULT CHARSET=utf8 AUTO_INCREMENT=29 ;

--
-- Dumping data for table `image`
--

INSERT INTO `image` (`id`, `category_id`, `name`, `thumbnail`, `image`, `description`, `content`, `extra1`, `extra2`, `created`, `updated`, `status`) VALUES
(10, 2, 'Nombre', '_uni3.jpg', '_CEO.png', 'Lorem Ipsum es simplemente el texto de relleno de las imprentas y archivos de texto. Lorem Ipsumha sido el texto de rellenoestandar de las industrias desde el año 1500, cuando un impresor(N. del T.)Lorem Ipsum es simplemente el texto de relleno de las imp', '<div>Somos una empresa peruana con mas de 30 años en el mercado Que con cuatro lineas de negocio: unidad de gruas, unidad de fajas tranportadoras, tiendas y servicio tecnico. representamos a marcas de prestigio mundial como YALE INDUSTRAL PRODUCTS para la linea de iaje FENNER DUNLOP para la linea de fajas transportadoras, CONDUCTIX para sistema de electrificacion, ASGCO para accesorios de fajas transportadoras y DUNLOP para fajas en V. Nuestras mayores fortalezas son nuestro personal altamente calificado y el respaldo de nuestros proveedores.<br /><br /></div>  <div><a href="Ultimos_Proyectos.php"> < Regresar a  Últimos Proyectos</a></div>', 'Cargo', '', '0000-00-00 00:00:00', '2013-08-15 22:30:49', '1'),
(5, 1, 'Nombre', '_darb.png', '_CEO.png', 'Lorem Ipsum es simplemente el texto de relleno de las imprentas y archivos de texto. Lorem Ipsumha sido el texto de rellenoestandar de las industrias desde el año 1500, cuando un impresor(N. del T.)Lorem Ipsum es simplemente el texto de relleno de las imp', '<p><span>Somos una empresa peruana con mas de 30 a&ntilde;os en el mercado Que con cuatro lineas de negocio: unidad de gruas, unidad de fajas tranportadoras, tiendas y servicio tecnico. representamos a marcas de prestigio mundial como YALE INDUSTRAL PRODUCTS para la linea de iaje FENNER DUNLOP para la linea de fajas transportadoras, CONDUCTIX para sistema de electrificacion, ASGCO para accesorios de fajas transportadoras y DUNLOP para fajas en V. Nuestras mayores fortalezas son nuestro personal altamente calificado y el respaldo de nuestros proveedores.</span><br /> <br /><a href="equipo_de_trabajo.php"> <strong>&lt;</strong> Regresar a Equipo de Trabajo</a><br /><br /></p>', 'Cargo', '', '0000-00-00 00:00:00', '2013-08-15 22:30:49', '1'),
(6, 1, 'Nombre', '_darb.png', '_CEO.png', 'Lorem Ipsum es simplemente el texto de relleno de las imprentas y archivos de texto. Lorem Ipsumha sido el texto de rellenoestandar de las industrias desde el año 1500, cuando un impresor(N. del T.)Lorem Ipsum es simplemente el texto de relleno de las imp', '<span>Somos una empresa peruana con mas de 30 años en el mercado Que con cuatro lineas de negocio: unidad de gruas, unidad de fajas tranportadoras, tiendas y servicio tecnico. representamos a marcas de prestigio mundial como YALE INDUSTRAL PRODUCTS para la linea de iaje FENNER DUNLOP para la linea de fajas transportadoras, CONDUCTIX para sistema de electrificacion, ASGCO para accesorios de fajas transportadoras y DUNLOP para fajas en V. Nuestras mayores fortalezas son nuestro personal altamente calificado y el respaldo de nuestros proveedores.</span><br /> <br /><a href="equipo_de_trabajo.php"> <b><</b> Regresar a Equipo de Trabajo</a><br /><br />', 'Cargo', '', '0000-00-00 00:00:00', '2013-08-15 22:30:49', '1'),
(7, 1, 'Nombre', '_darb.png', '_CEO.png', 'Lorem Ipsum es simplemente el texto de relleno de las imprentas y archivos de texto. Lorem Ipsumha sido el texto de rellenoestandar de las industrias desde el año 1500, cuando un impresor(N. del T.)Lorem Ipsum es simplemente el texto de relleno de las imp', '<span>Somos una empresa peruana con mas de 30 años en el mercado Que con cuatro lineas de negocio: unidad de gruas, unidad de fajas tranportadoras, tiendas y servicio tecnico. representamos a marcas de prestigio mundial como YALE INDUSTRAL PRODUCTS para la linea de iaje FENNER DUNLOP para la linea de fajas transportadoras, CONDUCTIX para sistema de electrificacion, ASGCO para accesorios de fajas transportadoras y DUNLOP para fajas en V. Nuestras mayores fortalezas son nuestro personal altamente calificado y el respaldo de nuestros proveedores.</span><br /> <br /><a href="equipo_de_trabajo.php"> <b><</b> Regresar a Equipo de Trabajo</a><br /><br />', 'Cargo', '', '0000-00-00 00:00:00', '2013-08-15 22:30:49', '1'),
(8, 2, 'Nombre', '_uni3.jpg', '_CEO.png', 'Lorem Ipsum es simplemente el texto de relleno de las imprentas y archivos de texto. Lorem Ipsumha sido el texto de rellenoestandar de las industrias desde el año 1500, cuando un impresor(N. del T.)Lorem Ipsum es simplemente el texto de relleno de las imp', '<div>Somos una empresa peruana con mas de 30 años en el mercado Que con cuatro lineas de negocio: unidad de gruas, unidad de fajas tranportadoras, tiendas y servicio tecnico. representamos a marcas de prestigio mundial como YALE INDUSTRAL PRODUCTS para la linea de iaje FENNER DUNLOP para la linea de fajas transportadoras, CONDUCTIX para sistema de electrificacion, ASGCO para accesorios de fajas transportadoras y DUNLOP para fajas en V. Nuestras mayores fortalezas son nuestro personal altamente calificado y el respaldo de nuestros proveedores.<br /><br /></div>  <div><a href="Ultimos_Proyectos.php"> < Regresar a  Últimos Proyectos</a></div>', 'Cargo', '', '0000-00-00 00:00:00', '2013-08-15 22:30:49', '1'),
(9, 2, 'Nombre', '_uni3.jpg', '_CEO.png', 'Lorem Ipsum es simplemente el texto de relleno de las imprentas y archivos de texto. Lorem Ipsumha sido el texto de rellenoestandar de las industrias desde el año 1500, cuando un impresor(N. del T.)Lorem Ipsum es simplemente el texto de relleno de las imp', '<div>Somos una empresa peruana con mas de 30 años en el mercado Que con cuatro lineas de negocio: unidad de gruas, unidad de fajas tranportadoras, tiendas y servicio tecnico. representamos a marcas de prestigio mundial como YALE INDUSTRAL PRODUCTS para la linea de iaje FENNER DUNLOP para la linea de fajas transportadoras, CONDUCTIX para sistema de electrificacion, ASGCO para accesorios de fajas transportadoras y DUNLOP para fajas en V. Nuestras mayores fortalezas son nuestro personal altamente calificado y el respaldo de nuestros proveedores.<br /><br /></div>  <div><a href="Ultimos_Proyectos.php"> < Regresar a  Últimos Proyectos</a></div>', 'Cargo', '', '0000-00-00 00:00:00', '2013-08-15 22:30:49', '1'),
(11, 3, 'Nombre', '_uni3.jpg', '_CEO.png', 'Lorem Ipsum es simplemente el texto de relleno de las imprentas y archivos de texto. Lorem Ipsumha sido el texto de rellenoestandar de las industrias desde el año 1500, cuando un impresor(N. del T.)Lorem Ipsum es simplemente el texto de relleno de las imp', '<div>Somos una empresa peruana con mas de 30 años en el mercado Que con cuatro lineas de negocio: unidad de gruas, unidad de fajas tranportadoras, tiendas y servicio tecnico. representamos a marcas de prestigio mundial como YALE INDUSTRAL PRODUCTS para la linea de iaje FENNER DUNLOP para la linea de fajas transportadoras, CONDUCTIX para sistema de electrificacion, ASGCO para accesorios de fajas transportadoras y DUNLOP para fajas en V. Nuestras mayores fortalezas son nuestro personal altamente calificado y el respaldo de nuestros proveedores.<br /><br /> </div><div><a href="Ultimos_Servicios.php"> < Regresar a  Últimos Servicios</a></div>', 'Cargo', '', '0000-00-00 00:00:00', '2013-08-15 22:30:49', '1'),
(12, 3, 'Nombre', '_uni3.jpg', '_CEO.png', 'Lorem Ipsum es simplemente el texto de relleno de las imprentas y archivos de texto. Lorem Ipsumha sido el texto de rellenoestandar de las industrias desde el año 1500, cuando un impresor(N. del T.)Lorem Ipsum es simplemente el texto de relleno de las imp', '<div>Somos una empresa peruana con mas de 30 años en el mercado Que con cuatro lineas de negocio: unidad de gruas, unidad de fajas tranportadoras, tiendas y servicio tecnico. representamos a marcas de prestigio mundial como YALE INDUSTRAL PRODUCTS para la linea de iaje FENNER DUNLOP para la linea de fajas transportadoras, CONDUCTIX para sistema de electrificacion, ASGCO para accesorios de fajas transportadoras y DUNLOP para fajas en V. Nuestras mayores fortalezas son nuestro personal altamente calificado y el respaldo de nuestros proveedores.<br /><br /> </div><div><a href="Ultimos_Servicios.php"> < Regresar a  Últimos Servicios</a></div>', 'Cargo', '', '0000-00-00 00:00:00', '2013-08-15 22:30:49', '1'),
(13, 3, 'Nombre', '_uni3.jpg', '_CEO.png', 'Lorem Ipsum es simplemente el texto de relleno de las imprentas y archivos de texto. Lorem Ipsumha sido el texto de rellenoestandar de las industrias desde el año 1500, cuando un impresor(N. del T.)Lorem Ipsum es simplemente el texto de relleno de las imp', '<div>Somos una empresa peruana con mas de 30 años en el mercado Que con cuatro lineas de negocio: unidad de gruas, unidad de fajas tranportadoras, tiendas y servicio tecnico. representamos a marcas de prestigio mundial como YALE INDUSTRAL PRODUCTS para la linea de iaje FENNER DUNLOP para la linea de fajas transportadoras, CONDUCTIX para sistema de electrificacion, ASGCO para accesorios de fajas transportadoras y DUNLOP para fajas en V. Nuestras mayores fortalezas son nuestro personal altamente calificado y el respaldo de nuestros proveedores.<br /><br /> </div><div><a href="Ultimos_Servicios.php"> < Regresar a  Últimos Servicios</a></div>', 'Cargo', '', '0000-00-00 00:00:00', '2013-08-15 22:30:49', '1'),
(14, 4, 'Nombre', '_testimonios.jpg', '_darb.png', 'Somos una empresa peruana con mas de 30 años en el mercado Que con cuatro lineas de negocio unidad de gruas, unida.....', '<span>Somos una empresa peruana con mas de 30 años en el mercado Que con cuatro lineas de negocio : <br /> unidad de gruas, unidad de fajas tranportadoras, tiendas y servicio tecnico. representamos a marcas de prestigio mundial como YALE INDUSTRAL PRODUCTS para la linea de iaje FENNER DUNLOP para la linea de fajas transportadoras, CONDUCTIX para sistema de electrificacion, ASGCO para accesorios de fajas transportadoras y DUNLOP para fajas en V. Nuestras mayores fortalezas son nuestro personal altamente calificado y el respaldo de nuestros proveedores.</span><br />', 'Cargo', '', '0000-00-00 00:00:00', '2013-08-15 22:30:49', '1'),
(15, 4, 'Nombre', '_testimonios.jpg', '_darb.png', 'Somos una empresa peruana con mas de 30 años en el mercado Que con cuatro lineas de negocio unidad de gruas, unida.....', '<span>Somos una empresa peruana con mas de 30 años en el mercado Que con cuatro lineas de negocio : <br /> unidad de gruas, unidad de fajas tranportadoras, tiendas y servicio tecnico. representamos a marcas de prestigio mundial como YALE INDUSTRAL PRODUCTS para la linea de iaje FENNER DUNLOP para la linea de fajas transportadoras, CONDUCTIX para sistema de electrificacion, ASGCO para accesorios de fajas transportadoras y DUNLOP para fajas en V. Nuestras mayores fortalezas son nuestro personal altamente calificado y el respaldo de nuestros proveedores.</span><br />', 'Cargo', '', '0000-00-00 00:00:00', '2013-08-15 22:30:49', '1'),
(16, 4, 'Nombre', '_testimonios.jpg', '_darb.png', 'Somos una empresa peruana con mas de 30 años en el mercado Que con cuatro lineas de negocio unidad de gruas, unida.....', '<span>Somos una empresa peruana con mas de 30 años en el mercado Que con cuatro lineas de negocio : <br /> unidad de gruas, unidad de fajas tranportadoras, tiendas y servicio tecnico. representamos a marcas de prestigio mundial como YALE INDUSTRAL PRODUCTS para la linea de iaje FENNER DUNLOP para la linea de fajas transportadoras, CONDUCTIX para sistema de electrificacion, ASGCO para accesorios de fajas transportadoras y DUNLOP para fajas en V. Nuestras mayores fortalezas son nuestro personal altamente calificado y el respaldo de nuestros proveedores.</span><br />', 'Cargo', '', '0000-00-00 00:00:00', '2013-08-15 22:30:49', '1'),
(17, 5, 'Nombre', '_uni3.jpg', '_darb.png', 'Lorem Ipsum es simplemente el texto de relleno de las imprentas y archivos de texto. Lorem Ipsumha sido el texto de rellenoestandar de las industrias desde el año 1500, cuando un impresor(N. del T.)Lorem Ipsum es simplemente el texto de relleno de las imp', '<div style="width: 100%; min-width: 300px;"><span>Somos una empresa peruana con mas de 30 años en el mercado Que con cuatro lineas de negocio : <br /> unidad de gruas, unidad de fajas tranportadoras, tiendas y servicio tecnico. </span><br /></div><br /><div style="min-width: 250px; width: 70%; margin-right: 10px;"><img src="../userfiles/darb.png"></div><br /><br /> <div style="width: 100%"> Por mas informacion porfabor mire en los siguientes Links<br/><a href="#">Link 1</a><br /><a href="#">Link 2</a><br /></div>', 'Cargo', '', '0000-00-00 00:00:00', '2013-08-15 22:30:49', '1'),
(18, 5, 'Nombre', '_uni3.jpg', '_darb.png', 'Lorem Ipsum es simplemente el texto de relleno de las imprentas y archivos de texto. Lorem Ipsumha sido el texto de rellenoestandar de las industrias desde el año 1500, cuando un impresor(N. del T.)Lorem Ipsum es simplemente el texto de relleno de las imp', '<div style="width: 100%; min-width: 300px;"><span>Somos una empresa peruana con mas de 30 años en el mercado Que con cuatro lineas de negocio : <br /> unidad de gruas, unidad de fajas tranportadoras, tiendas y servicio tecnico. </span><br /></div><br /><div style="min-width: 250px; width: 70%; margin-right: 10px;"><img src="../userfiles/darb.png"></div><br /><br /> <div style="width: 100%"> Por mas informacion porfabor mire en los siguientes Links<br/><a href="#">Link 1</a><br /><a href="#">Link 2</a><br /></div>', 'Cargo', '', '0000-00-00 00:00:00', '2013-08-15 22:30:49', '1'),
(19, 5, 'Nombre', '_uni3.jpg', '_darb.png', 'Lorem Ipsum es simplemente el texto de relleno de las imprentas y archivos de texto. Lorem Ipsumha sido el texto de rellenoestandar de las industrias desde el año 1500, cuando un impresor(N. del T.)Lorem Ipsum es simplemente el texto de relleno de las imp', '<div style="width: 100%; min-width: 300px;"><span>Somos una empresa peruana con mas de 30 años en el mercado Que con cuatro lineas de negocio : <br /> unidad de gruas, unidad de fajas tranportadoras, tiendas y servicio tecnico. </span><br /></div><br /><div style="min-width: 250px; width: 70%; margin-right: 10px;"><img src="../userfiles/darb.png"></div><br /><br /> <div style="width: 100%"> Por mas informacion porfabor mire en los siguientes Links<br/><a href="#">Link 1</a><br /><a href="#">Link 2</a><br /></div>', 'Cargo', '', '0000-00-00 00:00:00', '2013-08-15 22:30:49', '1'),
(20, 6, 'Nombre', '_uni3.jpg', '_darb.png', 'Lorem Ipsum es simplemente el texto de relleno de las imprentas y archivos de texto. Lorem Ipsumha sido el texto de rellenoestandar de las industrias desde el año 1500, cuando un impresor(N. del T.)Lorem Ipsum es simplemente el texto de relleno de las imp', '<div style="width: 100%; min-width: 300px;"><span>Somos una empresa peruana con mas de 30 años en el mercado Que con cuatro lineas de negocio : <br /> unidad de gruas, unidad de fajas tranportadoras, tiendas y servicio tecnico. </span><br /></div><br /><div style="min-width: 250px; width: 70%; margin-right: 10px;"><img src="../userfiles/darb.png"></div><br /><br /> <div style="width: 100%"> Por mas informacion porfabor mire en los siguientes Links<br/><a href="#">Link 1</a><br /><a href="#">Link 2</a><br /></div>', 'Cargo', '', '0000-00-00 00:00:00', '2013-08-15 22:30:49', '1'),
(21, 6, 'Nombre', '_uni3.jpg', '_darb.png', 'Lorem Ipsum es simplemente el texto de relleno de las imprentas y archivos de texto. Lorem Ipsumha sido el texto de rellenoestandar de las industrias desde el año 1500, cuando un impresor(N. del T.)Lorem Ipsum es simplemente el texto de relleno de las imp', '<div style="width: 100%; min-width: 300px;"><span>Somos una empresa peruana con mas de 30 años en el mercado Que con cuatro lineas de negocio : <br /> unidad de gruas, unidad de fajas tranportadoras, tiendas y servicio tecnico. </span><br /></div><br /><div style="min-width: 250px; width: 70%; margin-right: 10px;"><img src="../userfiles/darb.png"></div><br /><br /> <div style="width: 100%"> Por mas informacion porfabor mire en los siguientes Links<br/><a href="#">Link 1</a><br /><a href="#">Link 2</a><br /></div>', 'Cargo', '', '0000-00-00 00:00:00', '2013-08-15 22:30:49', '1'),
(22, 4, 'Nombre', '_testimonios.jpg', '_darb.png', 'Somos una empresa peruana con mas de 30 años en el mercado Que con cuatro lineas de negocio unidad de gruas, unida.....', '<div>Somos una empresa peruana con mas de 30 años en el mercado Que con cuatro lineas de negocio: unidad de gruas, unidad de fajas tranportadoras, tiendas y servicio tecnico. representamos a marcas de prestigio mundial como YALE INDUSTRAL PRODUCTS para la linea de iaje FENNER DUNLOP para la linea de fajas transportadoras, CONDUCTIX para sistema de electrificacion, ASGCO para accesorios de fajas transportadoras y DUNLOP para fajas en V. Nuestras mayores fortalezas son nuestro personal altamente calificado y el respaldo de nuestros proveedores.<br /><br /> </div><div><a href="Ultimos_Servicios.php"> < Regresar a  Últimos Servicios</a></div>', 'Cargo', '', '0000-00-00 00:00:00', '2013-08-15 22:30:49', '1'),
(23, 4, 'Nombre', '_testimonios.jpg', '_darb.png', 'Somos una empresa peruana con mas de 30 años en el mercado Que con cuatro lineas de negocio unidad de gruas, unida.....', '<div>Somos una empresa peruana con mas de 30 años en el mercado Que con cuatro lineas de negocio: unidad de gruas, unidad de fajas tranportadoras, tiendas y servicio tecnico. representamos a marcas de prestigio mundial como YALE INDUSTRAL PRODUCTS para la linea de iaje FENNER DUNLOP para la linea de fajas transportadoras, CONDUCTIX para sistema de electrificacion, ASGCO para accesorios de fajas transportadoras y DUNLOP para fajas en V. Nuestras mayores fortalezas son nuestro personal altamente calificado y el respaldo de nuestros proveedores.<br /><br /> </div><div><a href="Ultimos_Servicios.php"> < Regresar a  Últimos Servicios</a></div>', 'Cargo', '', '0000-00-00 00:00:00', '2013-08-15 22:30:49', '1'),
(24, 4, 'Nombre', '_testimonios.jpg', '_darb.png', 'Somos una empresa peruana con mas de 30 años en el mercado Que con cuatro lineas de negocio unidad de gruas, unida.....', '<div>Somos una empresa peruana con mas de 30 años en el mercado Que con cuatro lineas de negocio: unidad de gruas, unidad de fajas tranportadoras, tiendas y servicio tecnico. representamos a marcas de prestigio mundial como YALE INDUSTRAL PRODUCTS para la linea de iaje FENNER DUNLOP para la linea de fajas transportadoras, CONDUCTIX para sistema de electrificacion, ASGCO para accesorios de fajas transportadoras y DUNLOP para fajas en V. Nuestras mayores fortalezas son nuestro personal altamente calificado y el respaldo de nuestros proveedores.<br /><br /> </div><div><a href="Ultimos_Servicios.php"> < Regresar a  Últimos Servicios</a></div>', 'Cargo', '', '0000-00-00 00:00:00', '2013-08-15 22:30:49', '1'),
(25, 7, '30 AÑOS DE EXPERIENCIA', '', '_1.jpg', 'Nuestras mayores fortalezas son nuestro personal altamente calificado y el respaldo de nuestros proveedores...', '', 'conocenos/conocenos.php', '', '0000-00-00 00:00:00', '2013-08-15 22:38:59', '1'),
(26, 7, 'LAS MEJORES MARCAS REPRESENTADAS', '', '_2.jpg', 'Representamos a marcas de prestigio mundial como: <br />  YALE, STREET, DUNLOP, CONDUCTIX, ASGCO, CIMBRIA, MOVITECH, VETTER...', '', 'productos/productos.php?filt=marcas', '', '0000-00-00 00:00:00', '2013-08-15 22:30:49', '1'),
(27, 7, 'LA PASIÓN ES NUESTRO PRINCIPAL MOTOR', '', '_3.jpg', 'Es nuestro entusiasmo y la satisfacción por la tarea Que se realiza Que nos impulsa a desarrollar nuestro máximo potencial...', '', 'conocenos/valores.php', '', '0000-00-00 00:00:00', '2013-08-15 22:30:49', '1');

-- --------------------------------------------------------

--
-- Table structure for table `product`
--

CREATE TABLE IF NOT EXISTS `product` (
  `id` int(11) NOT NULL AUTO_INCREMENT,
  `parent_id` int(11) NOT NULL,
  `type` int(11) NOT NULL,
  `name` varchar(255) NOT NULL,
  `image` varchar(255) NOT NULL,
  `content` text NOT NULL,
  `file` varchar(255) NOT NULL,
  `created` datetime NOT NULL,
  `updated` timestamp NOT NULL DEFAULT CURRENT_TIMESTAMP ON UPDATE CURRENT_TIMESTAMP,
  `status` int(11) NOT NULL,
  `hidden` varchar(255) NOT NULL,
  `prod_mark` int(11) NOT NULL,
  PRIMARY KEY (`id`)
) ENGINE=InnoDB  DEFAULT CHARSET=utf8 AUTO_INCREMENT=24 ;

--
-- Dumping data for table `product`
--

INSERT INTO `product` (`id`, `parent_id`, `type`, `name`, `image`, `content`, `file`, `created`, `updated`, `status`, `hidden`, `prod_mark`) VALUES
(1, 0, 1, 'izage', '_poli-ejem.png', '', '', '0000-00-00 00:00:00', '2013-08-28 20:53:25', 1, '', 0),
(2, 1, 1, 'Polipastos Manuales', '_poli-ejem.png', '', '', '0000-00-00 00:00:00', '2013-08-25 23:02:24', 1, '', 0),
(3, 2, 1, 'Cadena', '_poli-ejem.png', '', '', '0000-00-00 00:00:00', '2013-08-28 00:01:41', 1, '', 0),
(4, 2, 1, 'Palanca', '_poli-ejem.png', '', '', '0000-00-00 00:00:00', '2013-08-25 23:02:24', 1, '', 0),
(5, 2, 1, 'Cable', '_poli-ejem.png', '', '', '0000-00-00 00:00:00', '2013-08-25 23:02:24', 1, '', 0),
(6, 1, 1, 'Polipastos Eléctricos', '_poli-ejem.png', '', '', '0000-00-00 00:00:00', '2013-08-25 23:02:24', 1, '', 0),
(7, 6, 1, 'Cadena', '_poli-ejem.png', '', '', '0000-00-00 00:00:00', '2013-08-25 23:02:24', 1, '', 0),
(8, 6, 1, 'Cable', '_poli-ejem.png', '', '', '0000-00-00 00:00:00', '2013-08-25 23:02:24', 1, '', 0),
(9, 1, 1, 'Polipastos Neumáticos', '_poli-ejem.png', '', '', '0000-00-00 00:00:00', '2013-08-25 23:02:24', 1, '', 0),
(10, 0, 1, 'Fajas Transport', '_poli-ejem.png', '', '', '0000-00-00 00:00:00', '2013-08-25 23:02:24', 1, '', 0),
(11, 9, 1, 'Fajas Transport', '_poli-ejem.png', '', '', '0000-00-00 00:00:00', '2013-08-25 23:02:24', 1, '', 0),
(12, 10, 1, 'Fajas de Lona', '_poli-ejem.png', '', '', '0000-00-00 00:00:00', '2013-08-25 23:02:24', 1, '', 0),
(13, 11, 1, 'Antiabrasivas', '_poli-ejem.png', '', '', '0000-00-00 00:00:00', '2013-08-25 23:02:24', 1, '', 0),
(14, 11, 1, 'Alta Temperatura', '_poli-ejem.png', '', '', '0000-00-00 00:00:00', '2013-08-25 23:02:24', 1, '', 0),
(15, 10, 1, 'Fajas de Acero', '_poli-ejem.png', '', '', '0000-00-00 00:00:00', '2013-08-25 23:02:24', 1, '', 0),
(16, 0, 1, 'Carretillas', '_poli-ejem.png', '', '', '0000-00-00 00:00:00', '2013-08-25 23:02:24', 1, '', 0),
(17, 15, 1, 'Carretilla Hidráulica Quicklift', '_poli-ejem.png', '', '', '0000-00-00 00:00:00', '2013-08-25 23:02:24', 1, '', 0),
(18, 1, 2, 'Yale', '_yale.png', '', '', '0000-00-00 00:00:00', '2013-09-20 17:50:04', 1, '13,14', 0),
(19, 10, 2, 'Fenner Dunlop', '_fenner_dunlop.png', '', '', '0000-00-00 00:00:00', '2013-08-25 23:04:04', 1, '', 0),
(20, 1, 2, 'Street', '_street.png', '', '', '0000-00-00 00:00:00', '2013-08-25 23:04:20', 1, '', 0),
(21, 16, 2, 'Movitech', '_movitech.png', '', '', '0000-00-00 00:00:00', '2013-08-25 23:04:35', 1, '', 0),
(22, 3, 3, 'Magnis Magnis', '_polipasto.jpg', '<ul>\r\n<li>Capacidades de 750 &ndash; 6000 kg.</li>\r\n<li>Los ganchos superior e inferior se fabrican en acero especial, forjado y bonificado. En caso de sobrecarga se abren sin rotura.</li>\r\n<li>Las cadenas de eslabones se fabrican en acero bonificado con superficie galvanizada. Cumplen las normas nacionales e internacionales actualmente en vigor.</li>\r\n<li>Gu&iacute;a de cadena integrada en la carcasa para el recorrido preciso de la cadena sobre la nuez.</li>\r\n<li>Tope robusto</li>\r\n<li>Dispositivo de punto neutro para posicionar y pretensar r&aacute;pidamente la cadena en ambas direcciones.</li>\r\n<li>Palanca corta con empu&ntilde;adura de goma.</li>\r\n<li>Rueda de mano protegida contra la corrosi&oacute;n con cromado duro</li>\r\n<li>Freno de carga resistente a la corrosi&oacute;n y discos de fricci&oacute;n sin asbesto.</li>\r\n<li>Gancho de carga con pasteca robusta gracias a sus ejes encapsulados.</li>\r\n<li>Accionamiento f&aacute;cil y sin esfuerzo de la palanca.</li>\r\n</ul>', 'ab9bf0_ESQUEMA_DE_PRODUCTOS.pdf', '0000-00-00 00:00:00', '2013-10-09 02:50:46', 1, '', 18),
(23, 3, 3, 'prod2', '', '<p>texto</p>', '', '0000-00-00 00:00:00', '2013-10-09 02:47:12', 1, '', 20);

-- --------------------------------------------------------

--
-- Table structure for table `product_category`
--

CREATE TABLE IF NOT EXISTS `product_category` (
  `id` int(11) NOT NULL AUTO_INCREMENT,
  `parent_id` int(11) NOT NULL,
  `clase` char(1) NOT NULL,
  `name` varchar(255) NOT NULL,
  `image` varchar(255) NOT NULL,
  `content` text NOT NULL,
  `file` varchar(255) NOT NULL,
  `created` datetime NOT NULL,
  `updated` timestamp NOT NULL DEFAULT CURRENT_TIMESTAMP ON UPDATE CURRENT_TIMESTAMP,
  `status` int(11) NOT NULL,
  PRIMARY KEY (`id`)
) ENGINE=InnoDB  DEFAULT CHARSET=utf8 AUTO_INCREMENT=18 ;

--
-- Dumping data for table `product_category`
--

INSERT INTO `product_category` (`id`, `parent_id`, `clase`, `name`, `image`, `content`, `file`, `created`, `updated`, `status`) VALUES
(2, 0, 'c', 'Yale', '_yale.png', '', '', '0000-00-00 00:00:00', '2013-08-17 05:32:56', 0),
(3, 0, 'c', 'Fenner Dunlop', '_fenner_dunlop.png', '', '', '0000-00-00 00:00:00', '2013-08-17 05:32:56', 0),
(4, 0, 'c', 'ASGCO', '_asgco.png', '', '', '0000-00-00 00:00:00', '2013-08-17 05:32:56', 0),
(5, 0, 'c', 'Conductix', '_conductix.png', '', '', '0000-00-00 00:00:00', '2013-08-17 05:32:56', 0),
(6, 0, 'c', 'Street', '_street.png', '', '', '0000-00-00 00:00:00', '2013-08-17 05:32:56', 0),
(7, 0, 'c', 'Movitech', '_movitech.png', '', '', '0000-00-00 00:00:00', '2013-08-17 05:32:56', 0),
(8, 0, 'c', 'Vetter', '_vetter.png', '', '', '0000-00-00 00:00:00', '2013-08-17 05:32:56', 0),
(9, 0, 'c', 'Cimbria', '_cimbria.png', '', '', '0000-00-00 00:00:00', '2013-08-17 05:32:56', 0),
(10, 2, 'c', 'Polipastos Manuales', 'poli-ejem.png', '<h4>Fijas</h4>\r\n                                                    <ul>\r\n                                                        <li>Chancandoras Fijas: trituradoras de mandíbulas</li>\r\n                                                    </ul>', '', '0000-00-00 00:00:00', '2013-08-17 05:32:56', 0),
(11, 2, 'c', 'Polipastos Eléctricos', 'poli-ejem.png', '<h4>Fijas</h4>\r\n                                                    <ul>\r\n                                                        <li>Chancandoras Fijas: trituradoras de mandíbulas</li>\r\n                                                    </ul>', '', '0000-00-00 00:00:00', '2013-08-17 05:32:56', 0),
(12, 3, 'c', 'Fajas Transportadoras', 'poli-ejem.png', '<h4>Fijas</h4>\r\n                                                    <ul>\r\n                                                        <li>Chancandoras Fijas: trituradoras de mandíbulas</li>\r\n                                                    </ul>', '', '0000-00-00 00:00:00', '2013-08-17 05:32:56', 0),
(13, 4, 'c', 'Accesorios de Fajas Transportadoras', 'poli-ejem.png', '<h4>Fijas</h4>\r\n                                                    <ul>\r\n                                                        <li>Chancandoras Fijas: trituradoras de mandíbulas</li>\r\n                                                    </ul>', '', '0000-00-00 00:00:00', '2013-08-17 05:32:56', 0),
(14, 5, 'c', 'Sistema Festoon', 'poli-ejem.png', '<h4>Fijas</h4>\r\n                                                    <ul>\r\n                                                        <li>Chancandoras Fijas: trituradoras de mandíbulas</li>\r\n                                                    </ul>', '', '0000-00-00 00:00:00', '2013-08-17 05:32:56', 0),
(15, 5, 'c', 'Sistema Barra Dura', 'poli-ejem.png', '<h4>Fijas</h4>\r\n                                                    <ul>\r\n                                                        <li>Chancandoras Fijas: trituradoras de mandíbulas</li>\r\n                                                    </ul>', '', '0000-00-00 00:00:00', '2013-08-17 05:32:56', 0),
(16, 10, 'p', 'Magnis Magnis', '_polipasto.jpg', '<ul>\r\n                                                            <li>Capacidades de 750 – 6000 kg.</li>\r\n                                                            <li>Los ganchos superior e inferior se fabrican en acero especial, forjado y bonificado. En caso de sobrecarga se abren sin rotura.</li>\r\n                                                            <li>Las cadenas de eslabones se fabrican en acero bonificado con superficie galvanizada. Cumplen las normas nacionales e internacionales actualmente en vigor.</li>\r\n                                                            <li>Guía de cadena integrada en la carcasa para el recorrido preciso de la cadena sobre la nuez.</li>\r\n                                                            <li>Tope robusto</li>\r\n                                                            <li>Dispositivo de punto neutro para posicionar y pretensar rápidamente la cadena en ambas direcciones.</li>\r\n                                                            <li>Palanca corta con empuñadura de goma.</li>\r\n                                                            <li>Rueda de mano protegida contra la corrosión con cromado duro</li>\r\n                                                            <li>Freno de carga resistente a la corrosión y discos de fricción sin asbesto.</li>\r\n                                                            <li>Gancho de carga con pasteca robusta gracias a sus ejes encapsulados.</li>\r\n                                                            <li>Accionamiento fácil y sin esfuerzo de la palanca.</li>\r\n                                                        </ul>', 'file.pdf', '0000-00-00 00:00:00', '2013-08-17 05:35:30', 0),
(17, 10, 'p', 'Magnis Magnis', '_polipasto.jpg', '<ul>\r\n                                                            <li>Capacidades de 750 – 6000 kg.</li>\r\n                                                            <li>Los ganchos superior e inferior se fabrican en acero especial, forjado y bonificado. En caso de sobrecarga se abren sin rotura.</li>\r\n                                                            <li>Las cadenas de eslabones se fabrican en acero bonificado con superficie galvanizada. Cumplen las normas nacionales e internacionales actualmente en vigor.</li>\r\n                                                            <li>Guía de cadena integrada en la carcasa para el recorrido preciso de la cadena sobre la nuez.</li>\r\n                                                            <li>Tope robusto</li>\r\n                                                            <li>Dispositivo de punto neutro para posicionar y pretensar rápidamente la cadena en ambas direcciones.</li>\r\n                                                            <li>Palanca corta con empuñadura de goma.</li>\r\n                                                            <li>Rueda de mano protegida contra la corrosión con cromado duro</li>\r\n                                                            <li>Freno de carga resistente a la corrosión y discos de fricción sin asbesto.</li>\r\n                                                            <li>Gancho de carga con pasteca robusta gracias a sus ejes encapsulados.</li>\r\n                                                            <li>Accionamiento fácil y sin esfuerzo de la palanca.</li>\r\n                                                        </ul>', 'file.pdf', '0000-00-00 00:00:00', '2013-08-17 05:35:30', 0);

